;factor2
1;3,8333333333
2;3
3;3
4;1,5
5;2,8181818182
6;2,7777777778
7;1,9
8;3,75
9;2,8571428571
10;3,3333333333
11;3,4545454545
12;2,3333333333
13;3,4
14;3,25
15;2,9
16;3,4285714286
17;3,5714285714
18;3,25
19;2,9090909091
20;2,9166666667
21;3,6666666667
22;3,0909090909
23;3,3636363636
24;3,0833333333
25;1,6
26;2,7777777778
27;3
28;3
29;2,3333333333
30;3,8181818182
31;3,5
32;3,25
33;4
34;3,8181818182
35;3,125
36;3
37;2,625
38;2,8
39;3,25
40;3,6363636364
41;3,8
42;3,6363636364
43;2,9
44;3,8333333333
45;3,4166666667
46;2,9166666667
47;3
48;4
49;2,5
50;3,0833333333
51;3,8333333333
52;2,7272727273
53;3,8181818182
54;2,2222222222
55;3,8333333333
56;3,3333333333
57;3,9
58;3,6
59;3,75
60;2,5714285714
61;3
62;4
63;3,1428571429
64;3
65;3,9166666667
66;3,5
67;2,8333333333
68;1,8333333333
69;3,4166666667
70;3
71;2,75
72;3,5
73;3
74;3
75;3,75
76;3,1111111111
77;3,25
78;3,125
79;3,2
80;4
81;3,8333333333
82;3,0833333333
83;2,5
84;3,1111111111
85;2,25
86;2,7
87;3,1428571429
88;2,8571428571
89;3,5
90;3,5
91;3,2222222222
92;3,6363636364
93;3
94;1,8888888889
95;3,6666666667
96;3
97;3,7777777778
98;3,25
99;1,6666666667
100;3,9166666667
101;3,1111111111
102;3,5454545455
103;3,75
104;2,8
105;3
106;3
107;1,8333333333
108;1,4166666667
109;3
110;3,8333333333
111;4
112;3,6363636364
113;2,6666666667
114;3,3636363636
115;3,0833333333
116;2,8333333333
117;3,5
118;2,9090909091
119;2,8333333333
120;2,5
121;1,875
122;3
123;1,2222222222
124;2,2
125;2,6666666667
126;2,6666666667
127;2
128;2,6666666667
129;1,75
130;2,7
131;3,6363636364
132;1,25
133;1,8333333333
134;2,9166666667
135;2,0909090909
136;3,2727272727
137;2
138;2,1666666667
139;3,8333333333
140;2,2857142857
141;2,1666666667
142;2,6
143;2,4
144;2,8888888889
145;2,5714285714
146;2,5
147;2,7272727273
148;3,25
149;4
150;3,6
151;4
152;4
153;3,75
154;3,8333333333
155;3,8181818182
156;2,75
157;2,9166666667
158;3,4166666667
159;3,8333333333
160;3
161;3,75
162;3,3333333333
163;4
164;2,2222222222
165;3,5
166;2,8888888889
167;3,9
168;3,5555555556
169;3,8
170;3,0833333333
171;2,7272727273
172;3,25
173;3,2
174;3,1818181818
175;2,7
176;2,8333333333
177;2,7272727273
178;3,6363636364
179;2,8333333333
180;3,1
181;3,25
182;3,1818181818
183;3,2
184;3
185;3,9090909091
186;3,6666666667
187;3,9166666667
188;3,5833333333
189;3,8333333333
190;3,5454545455
191;3,4444444444
192;3,3333333333
193;3,8333333333
194;3,8333333333
195;3,8
196;3,7272727273
197;2,9166666667
198;1,6
199;3,1428571429
200;3,2727272727
201;2,3333333333
202;4
203;3,3333333333
204;3,0833333333
205;3
206;3,9166666667
207;3,1818181818
208;3,6363636364
209;3,2
210;3
211;2,75
212;3,6666666667
213;3
214;3,5
215;3,1
216;3
217;3,25
218;2
219;3,4444444444
220;3
221;3,8571428571
222;2,5833333333
223;3,2
224;3,5454545455
225;2,875
226;3,4166666667
227;3
228;3,4444444444
229;3,0833333333
230;3,5
231;3,0833333333
232;3,4
233;3,5833333333
234;3,6666666667
235;2,75
236;2,8333333333
237;4
238;3,4545454545
239;2,9166666667
240;3
241;3,5
242;3,4
243;3,4444444444
244;2,6666666667
245;3,7777777778
246;3
247;2,6666666667
248;3,5
249;2,8888888889
250;3,9166666667
251;3,75
252;2,9166666667
253;3,7777777778
254;3,5454545455
255;3,75
256;2,8
257;3,3333333333
258;1,8333333333
259;3,5
260;2,5454545455
261;3,1818181818
262;2,8333333333
263;4
264;2,3
265;3
266;3,25
267;2,75
268;3,5833333333
269;3,1
270;3
271;3,375
272;3,125
273;2,6363636364
274;2,5
275;2,8
276;1,75
277;3,25
278;3,3333333333
279;3,0909090909
280;2,8888888889
281;2,6363636364
282;3,6666666667
283;2,3333333333
284;2,9
285;2,6363636364
286;2,75
287;2,3333333333
288;4
289;3,8333333333
290;3,1818181818
291;2,8888888889
292;2,9166666667
293;2,9166666667
294;1,5
295;3,9166666667
296;3,8333333333
297;4
298;3,1818181818
299;3,5
300;3
301;2,75
302;4
303;3,4545454545
304;4
305;2,9166666667
306;3,5
307;3,75
308;3,3333333333
309;3,5
310;3,5
311;3,1111111111
312;2,3333333333
313;2,6666666667
314;2,8333333333
315;4
316;3,5555555556
317;3,6666666667
318;2,4
319;2,7
320;2,2
321;1,4444444444
322;3,5833333333
323;3,3636363636
324;3,75
325;3,0833333333
326;2,6666666667
327;3,3333333333
328;2,6363636364
329;2,375
330;3,6
331;3,6
332;3,3333333333
333;3,6363636364
334;3,2
335;2,9166666667
336;3
337;3,7777777778
338;2,3333333333
339;2,4444444444
340;1,25
341;3,5
342;4
343;3,5454545455
344;3,1666666667
345;3
346;2,8181818182
347;3,75
348;2,75
349;3,9166666667
350;3,0833333333
351;2,5454545455
352;3,25
353;2,9166666667
354;3,9166666667
355;3,7
356;2,4285714286
357;4
358;2,5714285714
359;3,9090909091
360;2,3333333333
361;3,4166666667
362;2,7272727273
363;2,7272727273
364;3,5833333333
365;4
366;1,75
367;3
368;2,5
369;3,25
370;3,25
371;3,625
372;3,1666666667
373;2,0833333333
374;2,3636363636
375;3,5
376;3,2
377;3,4285714286
378;3,5833333333
379;3,3333333333
380;4
381;3,4545454545
382;3,5454545455
383;2
384;3,5454545455
385;2,75
386;3
387;3,4166666667
388;3,1111111111
389;2,1666666667
390;3
391;3
392;1,6666666667
393;2,3636363636
394;2,6666666667
395;2,75
396;2,8333333333
397;2,75
398;3,8181818182
399;3,0833333333
400;2,6666666667
401;3,0833333333
402;3,3333333333
403;3,1111111111
404;3,4166666667
405;1,4166666667
406;3,9166666667
407;3,5
408;3,5833333333
409;3,1818181818
410;2,9166666667
411;3,1666666667
412;4
413;3,8333333333
414;3,25
415;2,7272727273
416;2,7777777778
417;3,375
418;2,75
419;3,1
420;3,7272727273
421;3,9090909091
422;3,6
423;2,8181818182
424;4
425;3,1
426;2,8
427;3,1666666667
428;3,8333333333
429;3,9166666667
430;2,7272727273
431;3,7
432;3,5
433;4
434;4
435;2,2727272727
436;2,3333333333
437;3,1666666667
438;3,0833333333
439;3,5
440;3,4166666667
441;3
442;3,5
443;3,6666666667
444;2,3333333333
445;3,4
446;3,4
447;2,1
448;2,1666666667
449;3
450;3,8
451;3,75
452;2,8333333333
453;3,5555555556
454;2,8
455;3,3636363636
456;2,8
457;3,5
458;2,8
459;3
460;3,75
461;2,4
462;3,4166666667
463;3,8888888889
464;2,6
465;2,7142857143
466;2,7272727273
467;2,1666666667
468;1,9
469;3,5833333333
470;3
471;3,2727272727
472;3,4444444444
473;3,4545454545
474;2,4
475;3,5
476;2,2727272727
477;2,3636363636
478;2,5
479;2,8181818182
480;2,8181818182
481;2,7777777778
482;1,8888888889
483;2,3
484;3,3333333333
485;3
486;2,9166666667
487;3,3636363636
488;2
489;1
490;2,7777777778
491;1,3333333333
492;2,5833333333
493;2,5
494;3
495;2,25
496;2,4285714286
497;3,9090909091
498;1,9
499;3,2
500;3,1666666667
501;3
502;2,5833333333
503;3,5833333333
504;2,75
505;3,8
506;3,5833333333
507;3
508;2,7
509;3,4444444444
510;2,5
511;2,9090909091
512;3,5
513;3,3333333333
514;4
515;3,25
516;4
517;4
518;2,5
519;2,6666666667
520;4
521;3,6
522;2,7142857143
523;3,5
524;2,5
525;2,75
526;4
527;3
528;2
529;4
530;2,6
531;3,3333333333
532;2,5454545455
533;1,5
534;1,5833333333
535;3,6666666667
536;3,5555555556
537;3
538;3,9166666667
539;4
540;2,9090909091
541;2,6
542;3,5
543;2,3333333333
544;3,5
545;2,5555555556
546;2,4166666667
547;3,5
548;3,1111111111
549;1,7777777778
550;3,25
551;3,1666666667
552;3
553;2,2
554;3,0833333333
555;2,8
556;3,8571428571
557;3,1666666667
558;3,7
559;3,7777777778
560;2,5
561;2,4166666667
562;1,9166666667
563;2,9166666667
564;3
565;3,5833333333
566;3,3333333333
567;3,3333333333
568;3,9166666667
569;3,2222222222
570;3,2222222222
571;2,9166666667
572;3,4166666667
573;3,5
574;2,8181818182
575;2,4545454545
576;3,75
577;3,8333333333
578;2,9166666667
579;3,75
580;3,4
581;2,8571428571
582;2,8571428571
583;2,8571428571
584;3,1818181818
585;3
586;2
587;2,7
588;2,8181818182
589;2,7272727273
590;3,4444444444
591;4
592;3,5
593;3,7272727273
594;2,6363636364
595;3
596;2,6666666667
597;3,7777777778
598;3,1666666667
599;3,0833333333
600;2,9
601;3,75
602;2,8333333333
603;3,8181818182
604;2,2727272727
605;2,5
606;3,1
607;2,6363636364
608;3,1428571429
609;2,7
610;3,0833333333
611;2,8888888889
612;2,5
613;2,9166666667
614;2,25
615;2,8333333333
616;3
617;3
618;3,0833333333
619;2,1666666667
620;4
621;3,0833333333
622;3,0909090909
623;3
624;3,0909090909
625;2,1666666667
626;4
627;2,4444444444
628;3
629;2,3333333333
630;2,8181818182
631;2,75
632;3,5454545455
633;3,4166666667
634;2,5454545455
635;3,2
636;2,8333333333
637;2,6666666667
638;2,5833333333
639;3,2727272727
640;3,1428571429
641;3,5
642;3
643;4
644;3,8333333333
645;3,1818181818
646;3,8333333333
647;3,5833333333
648;3,5833333333
649;3
650;2,8
651;4
652;3,1666666667
653;2,6666666667
654;3,3333333333
655;3,0833333333
656;2,8333333333
657;3,2
658;2,2
659;2,6363636364
660;3,75
661;2,8333333333
662;3,3333333333
663;2,2222222222
664;3
665;3,8181818182
666;2,3333333333
667;3
668;1,8333333333
669;3,5
670;3,3333333333
671;2,6666666667
672;3,4166666667
673;2
674;2,1666666667
675;3,3636363636
676;3,5
677;2,9090909091
678;3,3636363636
679;3,6666666667
680;3
681;3
682;2,5
683;3,4545454545
684;3,5833333333
685;3,1
686;4
687;3,6
688;2,5833333333
689;2,75
690;3,75
691;3,5833333333
692;2,6666666667
693;3,1111111111
694;2,8333333333
695;3,1111111111
696;1,9166666667
697;3,1428571429
698;3,4444444444
699;2,4166666667
700;2,4545454545
701;4
702;4
703;2,5833333333
704;2,8333333333
705;3,9166666667
706;4
707;4
708;4
709;3,375
710;NA
711;3,8333333333
712;3
713;3,2222222222
714;3,8333333333
715;2,5
716;4
717;3,8333333333
718;4
719;4
720;3,8333333333
721;2,75
722;3,3333333333
723;3,8181818182
724;2,5454545455
725;3
726;2,9090909091
727;3,9090909091
728;3,0833333333
729;3,4
730;2,3333333333
731;2,75
732;2,9090909091
733;3,7272727273
734;3,9166666667
735;4
736;3,8181818182
737;4
738;2,4166666667
739;3,9166666667
740;3,75
741;4
742;3,25
743;3,1818181818
744;1,5454545455
745;3,5833333333
746;3,0909090909
747;3,8181818182
748;4
749;3,6666666667
750;3,1428571429
751;3,5833333333
752;3,6666666667
753;3,5833333333
754;4
755;3,75
756;3,25
757;3,5714285714
758;3,9166666667
759;4
760;3,6363636364
761;4
762;4
763;4
764;3,5
765;2
766;3,25
767;3
768;2,5
769;2,5
770;3,1
771;3,9166666667
772;2,8181818182
773;2,6363636364
774;3
775;1,4545454545
776;3,3636363636
777;3,2727272727
778;2
779;2,7272727273
780;4
781;2,875
782;3,4
783;2,4166666667
784;4
785;2,8333333333
786;2,875
787;3,0833333333
788;2,6
789;3,0833333333
790;3,5
791;3,5
792;3,5833333333
793;2,0833333333
794;2
795;1,9166666667
796;2,9166666667
797;3,8
798;2,625
799;2,2727272727
800;1,9
801;3
802;3,25
803;3,4285714286
804;3,0833333333
805;2,8888888889
806;3
807;3,875
808;3,1666666667
809;2,5454545455
810;2,3333333333
811;3
812;3,1111111111
813;2,875
814;2,8333333333
815;3,3333333333
816;4
817;3,0833333333
818;2,0833333333
819;2,5
820;2,625
821;3,8333333333
822;1,6666666667
823;2,8571428571
824;2,7
825;1,1666666667
826;2,75
827;2,8
828;1,75
829;3,125
830;3
831;3,8333333333
832;3,1666666667
833;2,4166666667
834;2,7142857143
835;4
836;4
837;3,125
838;4
839;3
840;2,5454545455
841;1,9
842;3,3333333333
843;3,1
844;2,625
845;2,8333333333
846;3,4545454545
847;2,5
848;2,6
849;2,3
850;2,5714285714
851;3
852;2
853;3,2727272727
854;3
855;4
856;4
857;1,375
858;1,5454545455
859;3
860;2,375
861;2,4166666667
862;3,8333333333
863;3,8333333333
864;3,1666666667
865;2,9166666667
866;3,2727272727
867;3,1
868;3,0909090909
869;3,75
870;3,1818181818
871;4
872;3,3636363636
873;3,6
874;4
875;3,5833333333
876;3,9090909091
877;3,7777777778
878;3
879;3,5833333333
880;3,8333333333
881;3
882;3,5
883;2,6363636364
884;2,25
885;3,3333333333
886;3
887;3,25
888;2
889;2,6
890;3,4166666667
891;3,75
892;4
893;3,1666666667
894;4
895;2,6
896;3,9
897;4
898;4
899;4
900;3,9090909091
901;3,9166666667
902;3
903;4
904;2,5833333333
905;3,7142857143
906;2,875
907;3
908;3,1666666667
909;4
910;3,2
911;2,6363636364
912;3,1666666667
913;3,6666666667
914;3,6666666667
915;3,5454545455
916;3,3333333333
917;3,3
918;3,625
919;3,5
920;2,75
921;3,5833333333
922;3,8333333333
923;3,0833333333
924;3
925;2,4166666667
926;2,5
927;3
928;2,5
929;3,0833333333
930;3,7
931;3,8333333333
932;3,6666666667
933;2,75
934;2,8333333333
935;4
936;3
937;2,1818181818
938;2
939;4
940;3,8333333333
941;3,9166666667
942;3,2857142857
943;3,75
944;3,6363636364
945;4
946;3
947;4
948;3,5555555556
949;3,5833333333
950;3,6666666667
951;4
952;3,9166666667
953;3,9166666667
954;4
955;3,6666666667
956;4
957;3,6
958;3
959;3,8333333333
960;3,4
961;4
962;4
963;2,5
964;3,7
965;3,6363636364
966;3,75
967;3,0833333333
968;3,25
969;4
970;3,9166666667
971;4
972;3,6363636364
973;1,5
974;3,9166666667
975;3,8333333333
976;3,9
977;2,9166666667
978;4
979;4
980;3,8333333333
981;3
982;3,0833333333
983;3,5454545455
984;3,5833333333
985;3
986;3,2222222222
987;3,0833333333
988;2,875
989;3,9090909091
990;3,2222222222
991;2,7272727273
992;3,5833333333
993;3,3636363636
994;3,6666666667
995;3,5555555556
996;3,6666666667
997;2,5833333333
998;3,8181818182
999;3,9166666667
1000;3,9090909091
1001;3,6666666667
1002;2,9166666667
1003;3,75
1004;3,6
1005;3
1006;3,7
1007;3,5
1008;3,3636363636
1009;3,75
1010;2,8571428571
1011;3,3333333333
1012;2,9
1013;3,8181818182
1014;3,6
1015;2,7
1016;3,1666666667
1017;3,2
1018;2,5
1019;3,5833333333
1020;3,0833333333
1021;4
1022;3,5
1023;3,4285714286
1024;3,6666666667
1025;3,7272727273
1026;1,9166666667
1027;1,9090909091
1028;3,1
1029;4
1030;3,4444444444
1031;3,5
1032;3,9166666667
1033;3,75
1034;3
1035;3
1036;2,6666666667
1037;3,2222222222
1038;3,2222222222
1039;3
1040;2,8888888889
1041;3,6666666667
1042;3,0833333333
1043;2,25
1044;3,3333333333
1045;3,75
1046;2,875
1047;3,6666666667
1048;2,4166666667
1049;2,4
1050;2,7272727273
1051;2,9
1052;3,6666666667
1053;3,3
1054;2,75
1055;3
1056;1,5
1057;2,1666666667
1058;2,0909090909
1059;3,2222222222
1060;2,4166666667
1061;2,7142857143
1062;2,8333333333
1063;3,5
1064;2,25
1065;2
1066;2,1111111111
1067;2,6666666667
1068;4
1069;3,1111111111
1070;3,6363636364
1071;3,6
1072;3,75
1073;3,4
1074;2,9166666667
1075;3,9166666667
1076;2,8
1077;3,9
1078;3,5454545455
1079;3,1818181818
1080;3,4444444444
1081;2,8333333333
1082;3,5555555556
1083;3,4
1084;3,6
1085;3
1086;2,5
1087;1,6363636364
1088;3,2222222222
1089;3,5833333333
1090;2,7142857143
1091;3,75
1092;2,9166666667
1093;2,25
1094;4
1095;1,75
1096;3,5714285714
1097;3,25
1098;3
1099;2,8333333333
1100;3,6666666667
1101;3,1666666667
1102;3,1666666667
1103;2,6
1104;2,6666666667
1105;2,6666666667
1106;3,75
1107;3,0833333333
1108;2,5
1109;4
1110;3
1111;2,2222222222
1112;3
1113;2,5
1114;3,25
1115;3,6666666667
1116;3,5454545455
1117;3,75
1118;3,8181818182
1119;2,1428571429
1120;3,5
1121;3,5
1122;3,0833333333
1123;3,8333333333
1124;3,3636363636
1125;2,875
1126;3,9166666667
1127;3,6666666667
1128;3,5
1129;3,125
1130;3,6666666667
1131;3,4285714286
1132;4
1133;4
1134;3,4
1135;2,6
1136;3,5
1137;3,5
1138;3,4166666667
1139;3,2222222222
1140;3
1141;3
1142;3,6666666667
1143;4
1144;2,8571428571
1145;4
1146;4
1147;3,8333333333
1148;2,25
1149;4
1150;2,5
1151;2,8333333333
1152;3,8333333333
1153;4
1154;2,8571428571
1155;3,2
1156;3,75
1157;3,0833333333
1158;3,25
1159;3,6666666667
1160;2,8333333333
1161;3,4545454545
1162;3,2857142857
1163;4
1164;2,6666666667
1165;3,1428571429
1166;3
1167;4
1168;3
1169;4
1170;2,9166666667
1171;3,4
1172;3,5
1173;3
1174;3,8333333333
1175;4
1176;4
1177;3,75
1178;4
1179;3,7272727273
1180;2,8333333333
1181;3,3333333333
1182;3,5833333333
1183;2,75
1184;3,0833333333
1185;1,5833333333
1186;3,3636363636
1187;3,1666666667
1188;2,8333333333
1189;3,1
1190;3,1
1191;3,9166666667
1192;2,2222222222
1193;3,75
1194;2,7
1195;3,4545454545
1196;3,5
1197;3,6666666667
1198;2,375
1199;3,6363636364
1200;3,6666666667
1201;2,8181818182
1202;3,3636363636
1203;3,4285714286
1204;3,9
1205;3,6666666667
1206;2,4166666667
1207;3
1208;3,5555555556
1209;3,25
1210;2,2222222222
1211;3
1212;2,4166666667
1213;3,375
1214;3,1428571429
1215;3,0833333333
1216;3,25
1217;3,9166666667
1218;4
1219;4
1220;3,5833333333
1221;4
1222;3,5
1223;3,8333333333
1224;3,5454545455
1225;4
1226;3,9166666667
1227;3,9166666667
1228;3,6
1229;2,6666666667
1230;2,8
1231;2,3333333333
1232;3,5454545455
1233;NA
1234;3,4545454545
1235;3
1236;3,8333333333
1237;3,75
1238;2,2222222222
1239;2,3333333333
1240;2,9166666667
1241;2,9166666667
1242;3,3333333333
1243;4
1244;3,5833333333
1245;3,2
1246;3,3333333333
1247;1,75
1248;2,9166666667
1249;3,25
1250;2,6
1251;2
1252;2,8571428571
1253;2,6666666667
1254;3,5
1255;2,7
1256;2,7777777778
1257;1,5833333333
1258;3,5
1259;3,5
1260;3,3333333333
1261;2,8333333333
1262;3,9166666667
1263;2,8
1264;4
1265;3,9166666667
1266;3,375
1267;3,7777777778
1268;3
1269;3,1666666667
1270;3,8
1271;3,9166666667
1272;3,75
1273;3,7777777778
1274;1,9166666667
1275;3,1666666667
1276;3,9166666667
1277;3,4
1278;3,6666666667
1279;2,5454545455
1280;2,4545454545
1281;3,3333333333
1282;1,5454545455
1283;3,5
1284;3
1285;2,9
1286;3,0833333333
1287;3,6666666667
1288;3,2
1289;3,6666666667
1290;3,125
1291;2,875
1292;2,5833333333
1293;3,2222222222
1294;3,8333333333
1295;3,2727272727
1296;2,9166666667
1297;3,9166666667
1298;2,5833333333
1299;2,4166666667
1300;3
1301;3,5833333333
1302;2,7
1303;3,5
1304;2,7142857143
1305;4
1306;3,1666666667
1307;3,25
1308;2,6
1309;3,9
1310;3,6666666667
1311;3,0909090909
1312;3,2727272727
1313;3,0833333333
1314;3
1315;3
1316;3,5
1317;3,4
1318;3,6
1319;4
1320;4
1321;2,5454545455
1322;2,8333333333
1323;4
1324;2,8181818182
1325;3,3333333333
1326;3,1111111111
1327;2,6
1328;3,9
1329;3
1330;3,8181818182
1331;3,8333333333
1332;3,5833333333
1333;2,75
1334;3
1335;2,8333333333
1336;2,9166666667
1337;3,1111111111
1338;2,6666666667
1339;3,2222222222
1340;3,75
1341;3,8571428571
1342;3,5833333333
1343;3,8
1344;3,4166666667
1345;3,25
1346;3,7777777778
1347;3,5
1348;3,6666666667
1349;3,5555555556
1350;2,8888888889
1351;3,4285714286
1352;3,3333333333
1353;1,5454545455
1354;2,9166666667
1355;4
1356;3,25
1357;3,4166666667
1358;3,7272727273
1359;3,1
1360;3
1361;2,4166666667
1362;3
1363;2,2222222222
1364;2,8181818182
1365;3,625
1366;4
1367;2,125
1368;2,3
1369;2,3333333333
1370;2,5
1371;2,6666666667
1372;2,9090909091
1373;3,75
1374;2,4545454545
1375;2,6666666667
1376;4
1377;3,9166666667
1378;3,7777777778
1379;3
1380;3,9166666667
1381;2,9166666667
1382;2,7272727273
1383;2,9090909091
1384;3,1818181818
1385;2,4545454545
1386;3,3333333333
1387;3,8333333333
1388;3,5833333333
1389;3,7777777778
1390;3
1391;4
1392;3
1393;3,3333333333
1394;2,4166666667
1395;3,5714285714
1396;2,0909090909
1397;1,5454545455
1398;3,7777777778
1399;1,8333333333
1400;3,7272727273
1401;3,5
1402;3,8888888889
1403;3,75
1404;2,6666666667
1405;2,4
1406;3,25
1407;2,8888888889
1408;2,9166666667
1409;1,9166666667
1410;2,25
1411;2,2727272727
1412;1,4
1413;3,5833333333
1414;2,9090909091
1415;3,1428571429
1416;2,9
1417;3,6666666667
1418;3,9166666667
1419;3,6363636364
1420;3,1666666667
1421;3,4545454545
1422;3,1818181818
1423;3,2727272727
1424;2,7142857143
1425;3,6666666667
1426;3,1666666667
1427;3,0833333333
1428;2,5
1429;2,125
1430;3,3
1431;3,9166666667
1432;4
1433;3,5833333333
1434;3,75
1435;3,375
1436;3,4
1437;3,5
1438;3,8888888889
1439;3,4166666667
1440;3,9166666667
1441;3,4
1442;3,9
1443;3,75
1444;3,8181818182
1445;4
1446;3,3333333333
1447;3,5
1448;2,6666666667
1449;3,5833333333
1450;3,75
1451;4
1452;2,1666666667
1453;2,7
1454;3,2727272727
1455;3
1456;2,4545454545
1457;3
1458;3,375
1459;3,3636363636
1460;2,0833333333
1461;1,625
1462;3,7
1463;3,6666666667
1464;3,5
1465;3,75
1466;3,8333333333
1467;3,9166666667
1468;3,9166666667
1469;4
1470;4
1471;3,4545454545
1472;2,2727272727
1473;2,7142857143
1474;3,25
1475;4
1476;2,5833333333
1477;3,9
1478;2,7777777778
1479;2,7777777778
1480;2,75
1481;4
1482;3
1483;3,7777777778
1484;4
1485;3
1486;2,6666666667
1487;2,5833333333
1488;3,0909090909
1489;3,8
1490;2,5
1491;2,8181818182
1492;3,7
1493;3,875
1494;2,3333333333
1495;3
1496;2,8888888889
1497;3,5555555556
1498;3
1499;2,5833333333
1500;3,6666666667
1501;4
1502;2,8181818182
1503;3,5
1504;3,5833333333
1505;3,3333333333
1506;2,4545454545
1507;3,1666666667
1508;1,4545454545
1509;3,5454545455
1510;1,25
1511;3,6666666667
1512;2,75
1513;2,5
1514;3,3636363636
1515;2,8571428571
1516;2,75
1517;2,7
1518;2,2727272727
1519;3,4
1520;2,75
1521;2,3333333333
1522;2,8333333333
1523;2,75
1524;2,7
1525;2,3
1526;3,1666666667
1527;2,3333333333
1528;2,9166666667
1529;3,4545454545
1530;3,4166666667
1531;2,6363636364
1532;2,6363636364
1533;3,25
1534;1,6666666667
1535;2,75
1536;2,8181818182
1537;2,8181818182
1538;3,5833333333
1539;3,25
1540;3,1666666667
1541;3,25
1542;3,4166666667
1543;2,8181818182
1544;2,6
1545;3,8333333333
1546;2,6
1547;3
1548;3,1666666667
1549;3,25
1550;2,5
1551;2,6363636364
1552;2,6666666667
1553;2,875
1554;2,8333333333
1555;2
1556;3,6363636364
1557;3,25
1558;3,1
1559;3,5
1560;3,75
1561;3,1666666667
1562;3,4545454545
1563;3,5
1564;2,5833333333
1565;3,1818181818
1566;3,6666666667
1567;3,7272727273
1568;3,2727272727
1569;2,9166666667
1570;2,5
1571;2,3636363636
1572;1,5833333333
1573;2,8333333333
1574;4
1575;3,6363636364
1576;3,3636363636
1577;2,9
1578;3,5454545455
1579;3
1580;2,8333333333
1581;3,6666666667
1582;3,4166666667
1583;4
1584;3,75
1585;3,6666666667
1586;3
1587;3,6666666667
1588;3,75
1589;3,9166666667
1590;3,1666666667
1591;2,6363636364
1592;3,8181818182
1593;3,9166666667
1594;3,6666666667
1595;3,5833333333
1596;3,5833333333
1597;1,75
1598;2,6666666667
1599;3,6
1600;2,1666666667
1601;2,8333333333
1602;3,0833333333
1603;3,4166666667
1604;2,9166666667
1605;2,6666666667
1606;3
1607;2,75
1608;2,875
1609;2,5
1610;3,5
1611;4
1612;3,9166666667
1613;2,375
1614;3,7272727273
1615;3,7272727273
1616;3,7777777778
1617;3,6
1618;2,1666666667
1619;3,9166666667
1620;2,9166666667
1621;3,8333333333
1622;3,8333333333
1623;3
1624;2,5833333333
1625;2,5
1626;3,4545454545
1627;3,8333333333
1628;2,8333333333
1629;3,4166666667
1630;3,3
1631;3,5833333333
1632;3,5
1633;3,5833333333
1634;3
1635;2,1666666667
1636;3,8333333333
1637;3
1638;3,9090909091
1639;4
1640;3,1818181818
1641;3,5
1642;2,875
1643;4
1644;2,8
1645;3,4
1646;4
1647;3,8888888889
1648;2,75
1649;3,1111111111
1650;3,375
1651;3,4166666667
1652;3,0909090909
1653;2,6666666667
1654;3
1655;3,75
1656;4
1657;3,9166666667
1658;2,8571428571
1659;2,4166666667
1660;3,5555555556
1661;2,8
1662;3,5
1663;2,4545454545
1664;2,8888888889
1665;3,8333333333
1666;2,8333333333
1667;3,0833333333
1668;2,7
1669;3,5
1670;2,9166666667
1671;3,9166666667
1672;3,7
1673;3,3333333333
1674;4
1675;2,4166666667
1676;3
1677;3,6666666667
1678;3,6666666667
1679;2,6666666667
1680;3,1818181818
1681;3,3333333333
1682;2,9
1683;3,0833333333
1684;3
1685;3,4545454545
1686;3,5
1687;3,6666666667
1688;3,9166666667
1689;2,9
1690;3
1691;3,5454545455
1692;2,125
1693;3,5454545455
1694;3,3636363636
1695;3,3333333333
1696;2,5
1697;2,6363636364
1698;3
1699;2,7
1700;3
1701;3,0909090909
1702;1,8888888889
1703;2,7777777778
1704;3,3333333333
1705;2,6666666667
1706;4
1707;3,8
1708;3,5
1709;2,8333333333
1710;3
1711;3,2
1712;3,6666666667
1713;2,6666666667
1714;3,4
1715;3,6666666667
1716;2,7
1717;3,3
1718;3,4166666667
1719;2,8
1720;3,1
1721;3,6363636364
1722;2
1723;3,9166666667
1724;2,7777777778
1725;3,4166666667
1726;3
1727;2,7777777778
1728;3,1666666667
1729;3,4
1730;2,5
1731;2,9166666667
1732;2,5
1733;1,8888888889
1734;3,1666666667
1735;3,1666666667
1736;3,5
1737;3,7
1738;3,5833333333
1739;3,4166666667
1740;3
1741;3,9166666667
1742;3
1743;3,5833333333
1744;4
1745;3,125
1746;3,3
1747;3,3333333333
1748;3,6666666667
1749;3,9166666667
1750;4
1751;4
1752;2,8333333333
1753;3,9166666667
1754;3,8333333333
1755;2,5555555556
1756;3
1757;3,0909090909
1758;4
1759;3,4545454545
1760;3,1666666667
1761;2,5
1762;2,9166666667
1763;3,1
1764;2,875
1765;2,75
1766;2,25
1767;2,7272727273
1768;2,6363636364
1769;2,2727272727
1770;4
1771;2
1772;4
1773;2,4
1774;3
1775;2,5
1776;3
1777;2,125
1778;2,9
1779;2,8333333333
1780;3,9166666667
1781;2,7272727273
1782;1,7142857143
1783;3,5454545455
1784;2,25
1785;2,5833333333
1786;2,6363636364
1787;2,25
1788;2,8333333333
1789;3,0909090909
1790;3,9090909091
1791;3,5833333333
1792;3,4545454545
1793;3,5
1794;3,6
1795;2,8181818182
1796;2,4545454545
1797;3,9166666667
1798;4
1799;3,0833333333
1800;3,6
1801;3,5454545455
1802;3,4545454545
1803;3,4166666667
1804;3,0909090909
1805;3,4166666667
1806;2,5833333333
1807;3
1808;1,4166666667
1809;3,5714285714
1810;3,5
1811;3,75
1812;4
1813;3,75
1814;2,6666666667
1815;3,7272727273
1816;3,75
1817;3,6666666667
1818;3,6666666667
1819;2,2222222222
1820;2,3333333333
1821;2,9166666667
1822;3,25
1823;4
1824;3,8333333333
1825;3,2222222222
1826;3,25
1827;3,4166666667
1828;3,2222222222
1829;3,25
1830;3,9166666667
1831;3,75
1832;2,5
1833;2,1818181818
1834;3,8333333333
1835;3,5833333333
1836;3,1
1837;3
1838;2,5833333333
1839;2
1840;3,75
1841;3,6
1842;3,3333333333
1843;3,8333333333
1844;3,3
1845;2,3333333333
1846;4
1847;3,4166666667
1848;2
1849;2,8333333333
1850;3,5833333333
1851;3,5833333333
1852;1,9166666667
1853;2,8333333333
1854;2,6666666667
1855;2,75
1856;3,0833333333
1857;4
1858;3,75
1859;3,6666666667
1860;3,25
1861;3,5
1862;4
1863;4
1864;3,6666666667
1865;3,9166666667
1866;2,8333333333
1867;2,7272727273
1868;3,4545454545
1869;3,4166666667
1870;3,25
1871;3,8333333333
1872;2,5
1873;3,9090909091
1874;4
1875;3,1111111111
1876;3,7272727273
1877;2,9
1878;3,3
1879;2,1666666667
1880;2,3333333333
1881;3,5
1882;3
1883;3,2857142857
1884;3
1885;2,8181818182
1886;2,5833333333
1887;3,9090909091
1888;2,5
1889;4
1890;2,0833333333
1891;3
1892;3,0909090909
1893;3,1
1894;3,4166666667
1895;2,5
1896;2,9166666667
1897;3,5833333333
1898;2,6666666667
1899;2,875
1900;2,1818181818
1901;3,4545454545
1902;3,1
1903;3
1904;3,0833333333
1905;2,75
1906;4
1907;3,6363636364
1908;2,5
1909;3,25
1910;3,0833333333
1911;2,4166666667
1912;2,4166666667
1913;3,25
1914;4
1915;4
1916;4
1917;2,3333333333
1918;3,4545454545
1919;2,8888888889
1920;3,4166666667
1921;3
1922;2,3636363636
1923;2,9166666667
1924;3,9166666667
1925;2,6666666667
1926;3,8333333333
1927;3,3333333333
1928;2,8888888889
1929;3,75
1930;3,6666666667
1931;3,8333333333
1932;3,75
1933;3,9166666667
1934;3,5
1935;3,5833333333
1936;3,1666666667
1937;3,1666666667
1938;4
1939;4
1940;2,8571428571
1941;3,25
1942;3
1943;3,2222222222
1944;3,8333333333
1945;3,5454545455
1946;4
1947;3,0909090909
1948;3,7
1949;3,75
1950;3,8333333333
1951;3,0909090909
1952;2,5833333333
1953;3,4166666667
1954;3,6666666667
1955;3,3333333333
1956;3
1957;3,8333333333
1958;3,5454545455
1959;3,5
1960;3,8181818182
1961;4
1962;2,7272727273
1963;3,0833333333
1964;2,25
1965;2,4444444444
1966;2,6363636364
1967;2,25
1968;1,6666666667
1969;3,4166666667
1970;4
1971;2,25
1972;1,4545454545
1973;2,5555555556
1974;1,25
1975;3,0833333333
1976;2,1
1977;1,3333333333
1978;1,8333333333
1979;1,3333333333
1980;1,5
1981;1,8181818182
1982;2,25
1983;1,5
1984;1,8
1985;2,25
1986;3,25
1987;2,0833333333
1988;3,25
1989;1,4545454545
1990;1,3636363636
1991;1,5454545455
1992;3,1666666667
1993;3,1
1994;2,7
1995;2,25
1996;2,9166666667
1997;3
1998;3,75
1999;3,8333333333
2000;2,875
2001;3,9
2002;2,4285714286
2003;3,5833333333
2004;2,8888888889
2005;3,4166666667
2006;2,5
2007;4
2008;3,7272727273
2009;4
2010;3,6363636364
2011;2,6363636364
2012;4
2013;3,7272727273
2014;3,4545454545
2015;4
2016;3,2
2017;2,4166666667
2018;2,625
2019;2,6666666667
2020;3,3636363636
2021;2,1666666667
2022;2,7
2023;3,4166666667
2024;2
2025;3,125
2026;2,75
2027;3
2028;2,5833333333
2029;4
2030;3,75
2031;3,5833333333
2032;2,8181818182
2033;3,4545454545
2034;3
2035;3
2036;3,3636363636
2037;3,75
2038;2,5
2039;3,1
2040;2,25
2041;2,7777777778
2042;3,75
2043;3,6666666667
2044;4
2045;2,1818181818
2046;2,9166666667
2047;2,4545454545
2048;3
2049;4
2050;3,3333333333
2051;1,4166666667
2052;3,1818181818
2053;2,2
2054;2,9166666667
2055;2,7272727273
2056;3,8333333333
2057;2,5
2058;1,8888888889
2059;2,4166666667
2060;2,2222222222
2061;2,3333333333
2062;3,25
2063;3,0833333333
2064;3,6363636364
2065;2,5
2066;3,3636363636
2067;3,6666666667
2068;4
2069;3,4
2070;3,6666666667
2071;4
2072;4
2073;3,5833333333
2074;4
2075;3,5
2076;3,3333333333
2077;3,1666666667
2078;3,4166666667
2079;3,8
2080;4
2081;3,7
2082;4
2083;3,2857142857
2084;3,4166666667
2085;4
2086;2,25
2087;2,6666666667
2088;3,2727272727
2089;3,1666666667
2090;2,5833333333
2091;3,3636363636
2092;3,8
2093;4
2094;3,6666666667
2095;4
2096;2,9090909091
2097;3,1666666667
2098;3,9166666667
2099;3,8333333333
2100;2,7777777778
2101;3,4
2102;3,5833333333
2103;4
2104;2,6666666667
2105;2,1666666667
2106;3,5
2107;2,0833333333
2108;3
2109;3,9166666667
2110;3,0833333333
2111;3,6666666667
2112;3
2113;2,7777777778
2114;2,25
2115;2,8
2116;3,75
2117;3,9166666667
2118;3,9166666667
2119;3,75
2120;3,9166666667
2121;2,3333333333
2122;4
2123;3,8571428571
2124;3,4285714286
2125;2,5
2126;4
2127;3,6
2128;2,9166666667
2129;3
2130;3,2222222222
2131;3,5714285714
2132;3,5
2133;3,25
2134;4
2135;3,0909090909
2136;3,0833333333
2137;3,8
2138;3
2139;3,6666666667
2140;3,3333333333
2141;3
2142;2,5
2143;3,4166666667
2144;4
2145;3,8333333333
2146;3,5
2147;3,75
2148;3,5
2149;3,75
2150;3,4166666667
2151;4
2152;3,8181818182
2153;3,8333333333
2154;2
2155;3
2156;4
2157;2,75
2158;3,8333333333
2159;1,5833333333
2160;3,8333333333
2161;4
2162;3
2163;3,4166666667
2164;4
2165;4
2166;4
2167;3,5833333333
2168;4
2169;2,9166666667
2170;3,3333333333
2171;2,8333333333
2172;4
2173;4
2174;3,6666666667
2175;3,6666666667
2176;2,9166666667
2177;3,5
2178;3,75
2179;2,4166666667
2180;3,6666666667
2181;3,6
2182;3,5555555556
2183;3,2727272727
2184;3,6666666667
2185;3,75
2186;2,6
2187;3,75
2188;3,3636363636
2189;3,3333333333
2190;4
2191;3,9166666667
2192;3,7777777778
2193;3,9166666667
2194;3,5
2195;2,5454545455
2196;4
2197;3
2198;2,7777777778
2199;3,6666666667
2200;3,25
2201;3,5
2202;3,5833333333
2203;3,9166666667
2204;4
2205;4
2206;3,1
2207;3,75
2208;3
2209;3,1818181818
2210;2,3636363636
2211;3,8333333333
2212;4
2213;4
2214;4
2215;3,9166666667
2216;3,5
2217;4
2218;2,9
2219;3,6666666667
2220;2,8
2221;3,5454545455
2222;4
2223;2,75
2224;3,0833333333
2225;3,8333333333
2226;4
2227;3,6666666667
2228;4
2229;2,6666666667
2230;2,7272727273
2231;3,9166666667
2232;4
2233;2,8333333333
2234;2,8333333333
2235;2,8
2236;3
2237;3,5
2238;3,8333333333
2239;2,75
2240;4
2241;4
2242;4
2243;3,9090909091
2244;3,375
2245;3,6363636364
2246;3,5454545455
2247;4
2248;3
2249;3,3636363636
2250;3,4545454545
2251;3,6666666667
2252;3,75
2253;3,3333333333
2254;3,875
2255;2,5
2256;2,6666666667
2257;2,5833333333
2258;3,8333333333
2259;3
2260;2,9166666667
2261;2,1666666667
2262;3
2263;2,4545454545
2264;2,8333333333
2265;2,5
2266;3,4166666667
2267;3,75
2268;4
2269;3,0833333333
2270;2,6
2271;3,0833333333
2272;3,6666666667
2273;3,4285714286
2274;4
2275;3,4166666667
2276;4
2277;2,625
2278;4
2279;3,9
2280;3,8333333333
2281;3,7272727273
2282;3,6
2283;3,4166666667
2284;3,25
2285;3,7272727273
2286;3,9166666667
2287;2,8333333333
2288;3,5
2289;3,9
2290;3,5454545455
2291;3,375
2292;3,25
2293;3
2294;3,1666666667
2295;3,8571428571
2296;3,25
2297;3,5
2298;3,5454545455
2299;3,3333333333
2300;3,2
2301;2,8181818182
2302;3,6666666667
2303;3,4285714286
2304;3,5454545455
2305;3,4166666667
2306;3,1666666667
2307;3,5454545455
2308;3
2309;3,4166666667
2310;2,9166666667
2311;3,5
2312;4
2313;2,3333333333
2314;3,25
2315;3,4444444444
2316;2,9090909091
2317;1,375
2318;1,4545454545
2319;2,625
2320;3,5
2321;2,875
2322;2,5
2323;2,5714285714
2324;3,25
2325;3,75
2326;2,75
2327;3,7272727273
2328;2
2329;2,2857142857
2330;3,9166666667
2331;3,9090909091
2332;3,5
2333;3,1111111111
2334;3,4444444444
2335;3
2336;3,3
2337;2,9
2338;2,7777777778
2339;2,6363636364
2340;3
2341;3,9090909091
2342;4
2343;3
2344;3
2345;4
2346;2,875
2347;3,1428571429
2348;4
2349;1,5833333333
2350;3,25
2351;2,6666666667
2352;1,5555555556
2353;2,5454545455
2354;2,9166666667
2355;3,75
2356;3,9166666667
2357;3,3636363636
2358;3,5833333333
2359;3
2360;3
2361;3,3333333333
2362;3
2363;3
2364;3,8181818182
2365;4
2366;3,25
2367;3,6666666667
2368;3,7272727273
2369;3,625
2370;2,75
2371;4
2372;3,25
2373;3,1666666667
2374;3,6666666667
2375;3,3333333333
2376;3,8888888889
2377;3,9166666667
2378;2,9
2379;2,7
2380;4
2381;3
2382;2,4166666667
2383;3,8333333333
2384;3,1
2385;3,3636363636
2386;4
2387;2,8181818182
2388;2,5833333333
2389;3,5454545455
2390;3,5833333333
2391;4
2392;3,7777777778
2393;3,5833333333
2394;3,6666666667
2395;3,5833333333
2396;2,8333333333
2397;4
2398;3,6
2399;2,75
2400;3,6666666667
2401;3,5714285714
2402;3,2727272727
2403;3,1111111111
2404;3,9090909091
2405;3,5833333333
2406;2,8888888889
2407;3,3333333333
2408;1,4545454545
2409;3,8181818182
2410;3,5
2411;1,9166666667
2412;3,6666666667
2413;3,5833333333
2414;4
2415;2,6666666667
2416;3,8333333333
2417;3,0909090909
2418;2,3636363636
2419;3,4444444444
2420;2,625
2421;3,1111111111
2422;1,7272727273
2423;3
2424;3,25
2425;2
2426;3,75
2427;3,1
2428;3,75
2429;3,5833333333
2430;3,2727272727
2431;3,1
2432;3,7272727273
2433;3
2434;4
2435;3
2436;2,9
2437;2,8571428571
2438;4
2439;3,9166666667
2440;2,6666666667
2441;3,6666666667
2442;3
2443;2,25
2444;2,9
2445;3,875
2446;3,7
2447;3
2448;2,6363636364
2449;3,8333333333
2450;2,1818181818
2451;2,9166666667
2452;2,5
2453;2,3333333333
2454;3,875
2455;2,5
2456;3,2222222222
2457;3,2857142857
2458;3,3333333333
2459;2,625
2460;3
2461;3,4166666667
2462;3,5
2463;2,1666666667
2464;2,75
2465;2,0833333333
2466;2,3333333333
2467;3,9
2468;3
2469;3,6666666667
2470;3,5
2471;3,25
2472;2,4
2473;3
2474;3,25
2475;2,9166666667
2476;2,6
2477;3,4285714286
2478;3,375
2479;3,75
2480;3,5555555556
2481;3,4166666667
2482;2,5
2483;3,5555555556
2484;3,2
2485;3,25
2486;3
2487;3,25
2488;3,5833333333
2489;3,8333333333
2490;3,7
2491;2,8
2492;3,9
2493;3,4545454545
2494;3,25
2495;3,5454545455
2496;3,7272727273
2497;3,0833333333
2498;3,3636363636
2499;3,6666666667
2500;2,6363636364
2501;2,5
2502;3,5
2503;3,5454545455
2504;3
2505;3,2222222222
2506;3,5454545455
2507;2,7777777778
2508;4
2509;1,5
2510;3
2511;1,9
2512;2,6666666667
2513;3,8181818182
2514;3,5833333333
2515;3,25
2516;2,6
2517;1,25
2518;1,3333333333
2519;1,3333333333
2520;2,625
2521;3,3
2522;2,8333333333
2523;3,0909090909
2524;3,5
2525;3,6666666667
2526;3,6363636364
2527;2,5714285714
2528;2,375
2529;3,4285714286
2530;2,7272727273
2531;2,7777777778
2532;2,4166666667
2533;2,6363636364
2534;2,8571428571
2535;3,5714285714
2536;3,6666666667
2537;2,5833333333
2538;3,5
2539;3,6666666667
2540;3,75
2541;3,75
2542;2,9166666667
2543;3,8333333333
2544;3,3636363636
2545;2,8333333333
2546;3,1666666667
2547;3,8333333333
2548;2,8888888889
2549;2,8181818182
2550;3,4166666667
2551;2,2727272727
2552;3,3636363636
2553;4
2554;3,4444444444
2555;3,5
2556;3,4285714286
2557;3,3333333333
2558;3,2
2559;3
2560;2,7272727273
2561;3,6666666667
2562;3,4166666667
2563;3
2564;4
2565;3,3636363636
2566;2,8181818182
2567;3,75
2568;2,625
2569;2,2222222222
2570;3,75
2571;4
2572;3,2727272727
2573;2,75
2574;3,3333333333
2575;3,0833333333
2576;3,8333333333
2577;3,7272727273
2578;3,3333333333
2579;2,75
