"";"PC1";"PC3";"PC2"
"1";0,341314977115868;0,884725866855284;1,18502652453238
"2";-1,76871955681766;-0,379361788247358;0,520960436622601
"3";NA;NA;NA
"4";NA;NA;NA
"5";NA;NA;NA
"6";NA;NA;NA
"7";NA;NA;NA
"8";1,31197961425028;0,275896278306021;1,03234921653802
"9";NA;NA;NA
"10";NA;NA;NA
"11";NA;NA;NA
"12";NA;NA;NA
"13";NA;NA;NA
"14";-0,669222489091028;0,995350689000163;0,203987397850277
"15";NA;NA;NA
"16";NA;NA;NA
"17";NA;NA;NA
"18";NA;NA;NA
"19";NA;NA;NA
"20";0,0618154718312639;-0,432872478279842;-0,571699597971596
"21";1,32823671049215;0,678180719798488;0,216152760412531
"22";NA;NA;NA
"23";NA;NA;NA
"24";-1,45222779515895;-0,363375348842778;0,641093475117553
"25";NA;NA;NA
"26";NA;NA;NA
"27";NA;NA;NA
"28";NA;NA;NA
"29";NA;NA;NA
"30";NA;NA;NA
"31";0,667024558698595;-0,273668176754689;1,18207942385856
"32";0,689961203555165;-0,68857100427352;0,889404582699556
"33";0,976007531014115;1,12518243040018;1,28283134557097
"34";NA;NA;NA
"35";NA;NA;NA
"36";-0,164493947132718;-0,392969321753974;-0,245990302756808
"37";NA;NA;NA
"38";NA;NA;NA
"39";-0,32801176601371;-0,0116457979095849;0,755120162787897
"40";NA;NA;NA
"41";NA;NA;NA
"42";NA;NA;NA
"43";NA;NA;NA
"44";0,394321631618856;1,55348878364307;0,686976097699545
"45";0,404968108508879;0,773749546150669;-0,076310908444764
"46";-0,602464950557855;0,773337886718713;-1,35384893179488
"47";NA;NA;NA
"48";NA;NA;NA
"49";NA;NA;NA
"50";-0,317218470869004;-0,585206045669651;0,57165334201682
"51";0,41873598799141;1,0802041621676;0,925324677034325
"52";NA;NA;NA
"53";NA;NA;NA
"54";NA;NA;NA
"55";-0,575554289252143;1,41800888940483;0,973381440366443
"56";NA;NA;NA
"57";NA;NA;NA
"58";NA;NA;NA
"59";0,649904507696205;0,325460901473192;1,29716631419264
"60";NA;NA;NA
"61";-0,337049109189658;-0,404171562617427;-0,179750181598662
"62";1,29006711115601;1,05743710382446;1,26821593599369
"63";NA;NA;NA
"64";NA;NA;NA
"65";0,913258661029956;1,1820721284517;1,07739534590699
"66";NA;NA;NA
"67";NA;NA;NA
"68";-1,37348674530426;-1,46415045809112;-2,55712750198198
"69";-0,0284644082946523;0,70417681611829;0,582174409194936
"70";NA;NA;NA
"71";-0,00642256831081193;-0,937266132355532;-0,46083712154876
"72";0,430097195300077;0,658397583910154;0,262309040295466
"73";NA;NA;NA
"74";NA;NA;NA
"75";0,924461696623976;0,746780357825886;0,515935769268791
"76";NA;NA;NA
"77";-0,520686766189196;0,0457019508726766;0,714131477013598
"78";NA;NA;NA
"79";NA;NA;NA
"80";NA;NA;NA
"81";1,01508158646676;1,04775566049784;0,668097731225739
"82";0,147815385327081;-0,668009449609375;0,712361830406969
"83";-1,68854228167023;-1,55636143807018;-0,800707750791429
"84";NA;NA;NA
"85";-2,12632709328744;-1,06728219619165;-1,54013896603829
"86";NA;NA;NA
"87";NA;NA;NA
"88";NA;NA;NA
"89";0,0598022021560924;0,935931245770713;0,6492684842214
"90";NA;NA;NA
"91";NA;NA;NA
"92";NA;NA;NA
"93";NA;NA;NA
"94";NA;NA;NA
"95";NA;NA;NA
"96";-1,1111998272382;-0,102683492180014;-0,154544654625567
"97";NA;NA;NA
"98";NA;NA;NA
"99";-2,28714447198375;-2,39737811495066;-2,04369734218082
"100";1,02371233514293;1,01297475270992;1,24688489022687
"101";NA;NA;NA
"102";NA;NA;NA
"103";0,0215939168790487;1,17679289754097;0,717665930205735
"104";NA;NA;NA
"105";NA;NA;NA
"106";NA;NA;NA
"107";-1,80519658896265;-2,34870540584611;-1,73180353096469
"108";-3,11594418536193;-3,28526679556723;-1,54610650542563
"109";NA;NA;NA
"110";0,345588430986324;1,16752417727523;1,13517654007803
"111";1,29006711115601;1,05743710382446;1,26821593599369
"112";NA;NA;NA
"113";-1,12135933382928;-1,05310998521021;-0,641048128304705
"114";NA;NA;NA
"115";0,284453765915345;-0,252416126804426;-0,245895329217711
"116";0,732729183553976;-0,35049155925675;-1,05303081554885
"117";0,19542514814949;0,306649270248571;0,776800117737196
"118";NA;NA;NA
"119";NA;NA;NA
"120";NA;NA;NA
"121";NA;NA;NA
"122";NA;NA;NA
"123";NA;NA;NA
"124";NA;NA;NA
"125";NA;NA;NA
"126";NA;NA;NA
"127";NA;NA;NA
"128";-0,761390124609063;-1,0909435824613;-0,391762671969712
"129";NA;NA;NA
"130";NA;NA;NA
"131";NA;NA;NA
"132";NA;NA;NA
"133";NA;NA;NA
"134";-1,16230874474571;-0,215958320454456;-0,326670269257438
"135";NA;NA;NA
"136";NA;NA;NA
"137";-0,262158019743938;-2,09506030731429;-1,5161939043924
"138";-0,443624669076692;-1,5272588918619;-1,56323169646606
"139";0,921302251993128;0,559965543667837;1,34349056251045
"140";NA;NA;NA
"141";-0,705772201432834;-1,3083622087955;-1,97164210932294
"142";NA;NA;NA
"143";NA;NA;NA
"144";NA;NA;NA
"145";NA;NA;NA
"146";NA;NA;NA
"147";NA;NA;NA
"148";1,13708833397394;-0,263473276393531;0,00261608300108823
"149";NA;NA;NA
"150";NA;NA;NA
"151";NA;NA;NA
"152";NA;NA;NA
"153";NA;NA;NA
"154";1,21433307038138;1,00549000712287;0,79761904521356
"155";NA;NA;NA
"156";NA;NA;NA
"157";-0,210410694578069;-1,90739738524362;1,00998260146232
"158";0,676506863899405;0,63325801766702;0,092442898594434
"159";NA;NA;NA
"160";0,599825217722602;-0,0570883437586256;-1,13460813926199
"161";1,26659680462728;1,01676436495243;0,346835399525965
"162";NA;NA;NA
"163";0,82612876290648;1,06840305015545;1,35365361930632
"164";NA;NA;NA
"165";NA;NA;NA
"166";NA;NA;NA
"167";NA;NA;NA
"168";NA;NA;NA
"169";NA;NA;NA
"170";-0,216757681378613;-0,404243679583532;0,204793342930788
"171";NA;NA;NA
"172";0,518348445618233;-0,424945990762953;0,526280498475356
"173";NA;NA;NA
"174";NA;NA;NA
"175";NA;NA;NA
"176";NA;NA;NA
"177";NA;NA;NA
"178";NA;NA;NA
"179";NA;NA;NA
"180";NA;NA;NA
"181";1,02839125835407;-0,437901560357212;0,0120361524057478
"182";NA;NA;NA
"183";NA;NA;NA
"184";NA;NA;NA
"185";NA;NA;NA
"186";0,735323376518101;1,21124277817067;0,155244976703724
"187";1,26356097542974;1,09622102365622;0,934670958638827
"188";0,420997285350274;0,608075712548248;0,759279882587849
"189";0,232771945454045;1,50360389794022;0,81764769827558
"190";NA;NA;NA
"191";NA;NA;NA
"192";1,32598155218343;-0,0756659040362021;-0,252617326120996
"193";0,75743811786838;1,30791407454828;0,677389235143356
"194";1,19087611311276;0,263188010192591;1,36446103964635
"195";NA;NA;NA
"196";NA;NA;NA
"197";0,280811152974062;-0,432504723064296;-0,499345372955989
"198";NA;NA;NA
"199";NA;NA;NA
"200";NA;NA;NA
"201";NA;NA;NA
"202";1,29006711115601;1,05743710382446;1,26821593599369
"203";NA;NA;NA
"204";-0,766871540035106;0,482103651217161;-0,406707739096712
"205";NA;NA;NA
"206";0,65328139656805;1,10059375746405;1,0863982258102
"207";NA;NA;NA
"208";NA;NA;NA
"209";NA;NA;NA
"210";-0,164493947132718;-0,392969321753974;-0,245990302756808
"211";1,16425398852552;-1,39949193556756;-0,909319782158872
"212";0,679696292512937;0,231322625605098;1,25542830736292
"213";NA;NA;NA
"214";NA;NA;NA
"215";NA;NA;NA
"216";NA;NA;NA
"217";0,289285025036589;-0,035844700710349;0,0848097412607022
"218";NA;NA;NA
"219";NA;NA;NA
"220";NA;NA;NA
"221";NA;NA;NA
"222";0,135602279204086;0,217867893177745;-2,22011588632281
"223";NA;NA;NA
"224";NA;NA;NA
"225";NA;NA;NA
"226";NA;NA;NA
"227";NA;NA;NA
"228";NA;NA;NA
"229";0,214014896223873;-0,231416746468388;-0,17327068085069
"230";NA;NA;NA
"231";-0,784926493914323;0,830255696122924;-0,851638609077914
"232";NA;NA;NA
"233";NA;NA;NA
"234";NA;NA;NA
"235";-1,2859864966895;-0,59009596834837;-0,374708163040001
"236";-1,06708032227208;-0,440216404692234;-0,369805806518638
"237";NA;NA;NA
"238";NA;NA;NA
"239";0,0988378842080377;-0,426931316194959;-0,468642032890479
"240";NA;NA;NA
"241";NA;NA;NA
"242";NA;NA;NA
"243";NA;NA;NA
"244";-1,11657576576795;0,261223192523513;-1,54057449591459
"245";NA;NA;NA
"246";-0,14011715995288;-0,15235886122242;-0,359509118360185
"247";-0,717681176156863;-0,604747935409341;-1,06675635960466
"248";1,16120184325221;0,755497905805845;-0,0962729805815177
"249";NA;NA;NA
"250";0,975201069973429;1,2392706877388;0,835785552981768
"251";0,509739174972229;0,988160038510937;0,822675998006706
"252";-1,22053205106727;-0,327419406040841;-0,215171188937088
"253";NA;NA;NA
"254";NA;NA;NA
"255";0,807022980421116;1,09806492328054;0,676853773304767
"256";NA;NA;NA
"257";NA;NA;NA
"258";-2,31364978886223;-2,52794906697638;-1,53170228024942
"259";0,656354387913499;1,10408083703873;-0,239558122007176
"260";NA;NA;NA
"261";NA;NA;NA
"262";-0,334959586959884;-0,195456384337328;-0,633322912826328
"263";1,29006711115601;1,05743710382446;1,26821593599369
"264";NA;NA;NA
"265";NA;NA;NA
"266";1,24616620781364;-1,03925599622375;0,609851398996169
"267";-0,793830710725088;-1,23675327131726;0,0192666024356863
"268";-0,0620031242049966;0,822553525521065;0,680435364866763
"269";NA;NA;NA
"270";NA;NA;NA
"271";NA;NA;NA
"272";NA;NA;NA
"273";NA;NA;NA
"274";NA;NA;NA
"275";NA;NA;NA
"276";-2,29906880925284;-3,01550430634424;-1,34493350729722
"277";0,00208142740257565;-0,667798151438065;0,723321269351578
"278";0,126575167907843;0,156256114703317;0,688702973874597
"279";NA;NA;NA
"280";NA;NA;NA
"281";NA;NA;NA
"282";0,73005073450413;0,655965735464402;1,02300125904738
"283";-1,67859374087616;-0,866776862146953;-1,90568642276425
"284";NA;NA;NA
"285";NA;NA;NA
"286";-0,00998412220346265;-0,798322415454173;-0,347823762447296
"287";-2,05190073368117;-1,13886263374972;-0,97237746589558
"288";NA;NA;NA
"289";1,35183134767965;0,716485297822872;0,849300123389124
"290";NA;NA;NA
"291";NA;NA;NA
"292";0,198835417121933;-0,597909642204093;-0,570555699006503
"293";NA;NA;NA
"294";-2,30659350860048;-2,39437195014129;-2,56918810864561
"295";0,900252006482861;0,940668733784253;1,2165457042043
"296";1,34784879862379;0,997890767023426;0,516495085612146
"297";1,29006711115601;1,05743710382446;1,26821593599369
"298";NA;NA;NA
"299";NA;NA;NA
"300";NA;NA;NA
"301";-0,426761884035825;-0,324360356997071;-1,33542060527798
"302";1,29006711115601;1,05743710382446;1,26821593599369
"303";NA;NA;NA
"304";NA;NA;NA
"305";-1,1314016709881;-0,308966375969178;-0,816385974001787
"306";NA;NA;NA
"307";NA;NA;NA
"308";0,24539017427259;-1,02146221322846;0,942036467669933
"309";0,433869760269258;0,24678035600368;0,503421093788062
"310";0,407273670933037;0,508538221922413;0,287560852450766
"311";NA;NA;NA
"312";-1,6269812670866;-0,92405474369836;-0,994695572420426
"313";NA;NA;NA
"314";0,126229467629184;-1,47691023733217;0,198794833416191
"315";NA;NA;NA
"316";NA;NA;NA
"317";0,89513699223635;0,918425244536266;0,326573039755642
"318";NA;NA;NA
"319";NA;NA;NA
"320";NA;NA;NA
"321";NA;NA;NA
"322";1,05600730861919;0,865826312244688;0,260746403288514
"323";NA;NA;NA
"324";0,129943163690535;1,07811696460706;0,703653408493314
"325";0,31310588222226;-0,352951548553362;0,0744390653260203
"326";-0,649780687995225;-1,23980154984466;-0,456950416029784
"327";NA;NA;NA
"328";NA;NA;NA
"329";NA;NA;NA
"330";NA;NA;NA
"331";NA;NA;NA
"332";NA;NA;NA
"333";NA;NA;NA
"334";NA;NA;NA
"335";-0,921758391787732;-0,364986197381891;-0,287605433199565
"336";NA;NA;NA
"337";NA;NA;NA
"338";NA;NA;NA
"339";NA;NA;NA
"340";-2,57673120319329;-3,11635290820434;-2,9220104407215
"341";NA;NA;NA
"342";1,29006711115601;1,05743710382446;1,26821593599369
"343";NA;NA;NA
"344";-0,116007510381804;-0,219366051064234;0,0455954806929946
"345";-0,56291056278704;-0,685464209414959;0,383749580786657
"346";NA;NA;NA
"347";NA;NA;NA
"348";NA;NA;NA
"349";1,08314572010932;0,878596525942305;1,23690834304812
"350";-1,89952392055013;-0,413071596991105;0,751028351233344
"351";NA;NA;NA
"352";NA;NA;NA
"353";-0,506991520323009;-0,481970719793111;-0,296725819373415
"354";0,673920638812075;1,20823874884604;0,949218140095321
"355";NA;NA;NA
"356";NA;NA;NA
"357";NA;NA;NA
"358";NA;NA;NA
"359";NA;NA;NA
"360";-1,66423823893277;-0,932556387629683;-1,08761347392038
"361";0,926568904412526;0,697566780477909;-0,493782889681341
"362";NA;NA;NA
"363";NA;NA;NA
"364";-0,418531901057589;0,66746852784806;0,904886250109888
"365";1,29006711115601;1,05743710382446;1,26821593599369
"366";-2,34701608988189;-1,19390872940486;-3,08568118141994
"367";-0,14722387321816;-1,10287217962887;0,643959009635251
"368";-0,415807728588366;-1,63441745785916;-0,537574556978041
"369";0,382268457392834;0,49187364264024;-0,182907022660205
"370";NA;NA;NA
"371";NA;NA;NA
"372";-0,292566403472256;0,822149322518532;-0,532499557330907
"373";-1,86740405177029;-0,704804315152489;-2,69619538009444
"374";NA;NA;NA
"375";NA;NA;NA
"376";NA;NA;NA
"377";NA;NA;NA
"378";0,102666481781916;0,0826539365666509;1,10552403802634
"379";-0,523271398411791;0,996289217554922;-0,366523902861008
"380";1,29006711115601;1,05743710382446;1,26821593599369
"381";NA;NA;NA
"382";NA;NA;NA
"383";NA;NA;NA
"384";NA;NA;NA
"385";0,0247651506657134;-0,910473215888174;-0,736763407916303
"386";NA;NA;NA
"387";0,937252700550947;0,415576051069611;-0,126168539653879
"388";NA;NA;NA
"389";-2,4820647842898;-1,94291333981918;-1,10386986190497
"390";-0,152158443745979;-0,480540344757812;-0,149445993668548
"391";0,954664708516909;-0,244978635210724;-0,671903351843558
"392";NA;NA;NA
"393";NA;NA;NA
"394";-0,883787421987811;-0,557673830757804;-0,957299000761436
"395";-0,758745756323756;-0,598664860788927;-0,689386275663227
"396";-0,296831831424637;-0,263075382054141;-0,947977757260938
"397";-0,041613477403514;-1,55249913916209;-0,179842932682829
"398";NA;NA;NA
"399";-0,417781480792456;-0,15607699115553;0,277513891198576
"400";-0,713585512223168;-0,562064744199521;-0,786415111143635
"401";-0,491622666490504;-0,366274115299294;-0,0515611432001203
"402";0,3446057400369;0,0913023200406986;0,517909895970364
"403";NA;NA;NA
"404";0,460654242750059;-0,377106770280015;0,937630315404504
"405";-1,73388941165991;-3,01032792372303;-2,80132384027867
"406";0,30863577271238;1,28088903518341;1,07074035311692
"407";0,846611869221704;-0,0745220216164757;0,837107496273528
"408";0,657299059175756;0,393027047879866;0,461224889629009
"409";NA;NA;NA
"410";-0,382427279138132;-0,232612398996543;-0,577315227687557
"411";0,754767306156696;-0,0559087700589345;-0,302276100626566
"412";0,424291902600907;1,25966861309168;1,20336163714092
"413";0,668105111157727;0,968848163758746;1,13121030487796
"414";-0,544043559982942;0,145141110020995;-0,140145156011561
"415";NA;NA;NA
"416";NA;NA;NA
"417";NA;NA;NA
"418";NA;NA;NA
"419";NA;NA;NA
"420";NA;NA;NA
"421";NA;NA;NA
"422";NA;NA;NA
"423";NA;NA;NA
"424";1,29006711115601;1,05743710382446;1,26821593599369
"425";NA;NA;NA
"426";NA;NA;NA
"427";0,224124525018638;-0,548005534380667;0,452136520555224
"428";1,24853123144577;1,03545135140293;0,729861123381131
"429";0,879017150223596;1,00987365482159;1,22298623308993
"430";NA;NA;NA
"431";NA;NA;NA
"432";NA;NA;NA
"433";1,29006711115601;1,05743710382446;1,26821593599369
"434";1,29006711115601;1,05743710382446;1,26821593599369
"435";NA;NA;NA
"436";-0,94416663402643;-0,416258807028242;-1,8520960914137
"437";0,208685692922836;-0,23659168782842;0,15757162071694
"438";-0,524085899963577;0,0529000329504395;-0,223660421884277
"439";-0,204653510504184;0,433948955268761;0,880610446150099
"440";NA;NA;NA
"441";NA;NA;NA
"442";-0,298355072076658;0,283875952592712;0,705180879630318
"443";0,354543098082241;-0,135549002625297;1,40518136165894
"444";NA;NA;NA
"445";NA;NA;NA
"446";NA;NA;NA
"447";NA;NA;NA
"448";-2,46167312675547;-1,0945004426546;-1,23437372181185
"449";-0,321246679472825;-0,382067351197766;-0,199015971873929
"450";NA;NA;NA
"451";NA;NA;NA
"452";NA;NA;NA
"453";NA;NA;NA
"454";NA;NA;NA
"455";NA;NA;NA
"456";NA;NA;NA
"457";NA;NA;NA
"458";NA;NA;NA
"459";-0,686371252791971;-0,422513719390635;0,0346286856176244
"460";1,22924385868873;0,738699738395621;0,775626809385903
"461";NA;NA;NA
"462";0,340896767535795;0,445042929105589;0,516583927756383
"463";NA;NA;NA
"464";NA;NA;NA
"465";NA;NA;NA
"466";NA;NA;NA
"467";NA;NA;NA
"468";NA;NA;NA
"469";NA;NA;NA
"470";NA;NA;NA
"471";NA;NA;NA
"472";NA;NA;NA
"473";NA;NA;NA
"474";NA;NA;NA
"475";0,370178028323743;1,13672701992962;-0,74536900178822
"476";NA;NA;NA
"477";NA;NA;NA
"478";-0,512198737185999;-1,69688814241841;-0,623429287151235
"479";NA;NA;NA
"480";NA;NA;NA
"481";NA;NA;NA
"482";NA;NA;NA
"483";NA;NA;NA
"484";NA;NA;NA
"485";NA;NA;NA
"486";-0,728556769433093;-0,289492435040098;-0,319781243782722
"487";NA;NA;NA
"488";-1,08703403317084;-1,80640608644667;-1,94976047589754
"489";NA;NA;NA
"490";NA;NA;NA
"491";-2,67434796062394;-3,34350716203331;-2,02839653489893
"492";NA;NA;NA
"493";NA;NA;NA
"494";NA;NA;NA
"495";-0,688637179931362;-1,42306222842176;-1,61011738971217
"496";NA;NA;NA
"497";NA;NA;NA
"498";NA;NA;NA
"499";NA;NA;NA
"500";-0,993882663637506;-0,0833265425892281;0,449018868816487
"501";NA;NA;NA
"502";-0,84620909376926;-1,30081970541363;-0,714238699462548
"503";0,702555145575745;0,774046265223572;0,528286127471145
"504";-1,73472839811265;-0,670904080288417;0,028925683370853
"505";NA;NA;NA
"506";0,450072168866905;0,0716489436870272;1,23783744239957
"507";NA;NA;NA
"508";NA;NA;NA
"509";NA;NA;NA
"510";NA;NA;NA
"511";NA;NA;NA
"512";0,102677940798477;0,0442374478135412;1,09393392056509
"513";1,05171551289835;-0,523599473300036;0,755343348718742
"514";1,29006711115601;1,05743710382446;1,26821593599369
"515";-0,484595873168048;0,0962717775369917;0,117694110571972
"516";1,29006711115601;1,05743710382446;1,26821593599369
"517";1,29006711115601;1,05743710382446;1,26821593599369
"518";-1,62651630875797;-0,919814398860751;-0,98390927667507
"519";-0,639917634013792;-0,606926192551563;-0,840895625868205
"520";1,29006711115601;1,05743710382446;1,26821593599369
"521";NA;NA;NA
"522";NA;NA;NA
"523";NA;NA;NA
"524";NA;NA;NA
"525";NA;NA;NA
"526";NA;NA;NA
"527";-0,164493947132718;-0,392969321753974;-0,245990302756808
"528";NA;NA;NA
"529";NA;NA;NA
"530";NA;NA;NA
"531";-0,00348176453352546;0,622411271320018;0,150592263968355
"532";NA;NA;NA
"533";-2,67711365239304;-2,93206379642403;-1,88770882906144
"534";-2,40011967649941;-2,52941986346478;-1,90398340529082
"535";-0,106341345899287;1,20710921097286;0,258087820049795
"536";NA;NA;NA
"537";NA;NA;NA
"538";1,0539709399456;1,2117611257366;0,718546884649034
"539";NA;NA;NA
"540";NA;NA;NA
"541";NA;NA;NA
"542";NA;NA;NA
"543";-2,1568861383509;-0,663315472658735;-1,46270438253658
"544";-0,135711657709342;1,00029435422264;0,262121119402587
"545";NA;NA;NA
"546";-1,11373502959881;-0,771742881335502;-1,54884595697093
"547";NA;NA;NA
"548";NA;NA;NA
"549";NA;NA;NA
"550";-0,203697637678351;0,39190735906389;0,102041520608108
"551";0,706275369732294;0,390318926309082;-1,1428279334738
"552";-0,631792141870611;0,557087971503485;-1,11068202892321
"553";NA;NA;NA
"554";0,689841360296138;0,116681176079229;-0,632389341367219
"555";NA;NA;NA
"556";NA;NA;NA
"557";0,459805311564615;-0,330791801863386;-0,0146562279397503
"558";NA;NA;NA
"559";NA;NA;NA
"560";NA;NA;NA
"561";-0,576385121263746;-1,24348944687492;-1,40591986277745
"562";-2,00454867313;-3,09571673981385;-0,702072932601295
"563";0,438548543954944;-0,168727416316161;-0,734776245315512
"564";NA;NA;NA
"565";0,797505601659378;0,739920265625208;0,222482935500831
"566";NA;NA;NA
"567";0,172130186285905;0,87265383077967;-0,368982747898604
"568";0,604299372032113;1,24223072485556;1,08147300021835
"569";NA;NA;NA
"570";NA;NA;NA
"571";NA;NA;NA
"572";0,399980148538461;-0,407908704586631;1,06931881876336
"573";0,580699190930714;0,549271410820207;0,675567095271592
"574";NA;NA;NA
"575";NA;NA;NA
"576";0,821687167669294;1,16896715916128;0,591743898226429
"577";0,917408094021308;0,815000493824796;1,1136271964947
"578";-1,10994783699867;-1,14800480244324;0,445608029866058
"579";NA;NA;NA
"580";NA;NA;NA
"581";NA;NA;NA
"582";NA;NA;NA
"583";NA;NA;NA
"584";NA;NA;NA
"585";NA;NA;NA
"586";NA;NA;NA
"587";NA;NA;NA
"588";NA;NA;NA
"589";NA;NA;NA
"590";NA;NA;NA
"591";1,29006711115601;1,05743710382446;1,26821593599369
"592";0,938348085168179;0,729330409008135;0,327535918197952
"593";NA;NA;NA
"594";NA;NA;NA
"595";1,08919683650899;-0,918441066109497;-0,071561215578013
"596";NA;NA;NA
"597";NA;NA;NA
"598";0,939826353009804;0,0933989012169952;-0,476988133802295
"599";0,5462271963592;0,562241032504807;-0,913999143298939
"600";NA;NA;NA
"601";0,882220465519231;0,891584184557152;0,725507587344683
"602";-0,497413013035558;-0,392786886981067;-0,765147553214884
"603";NA;NA;NA
"604";NA;NA;NA
"605";NA;NA;NA
"606";NA;NA;NA
"607";NA;NA;NA
"608";NA;NA;NA
"609";NA;NA;NA
"610";-0,141144657056369;0,505589264910801;-0,565755161406334
"611";NA;NA;NA
"612";-1,2805382443576;-0,908255696134648;-0,932942383965683
"613";0,939359884815733;-0,823135717418585;-0,293332628061808
"614";NA;NA;NA
"615";0,0354020959350443;-0,18945739617163;-1,01994473526821
"616";NA;NA;NA
"617";0,0530043468157692;-0,921242895844312;-0,063681466115408
"618";0,642406332101154;-0,399420917767033;-0,142627131265763
"619";NA;NA;NA
"620";NA;NA;NA
"621";0,807698090753639;-0,0342430961560513;-0,830348185799397
"622";NA;NA;NA
"623";NA;NA;NA
"624";NA;NA;NA
"625";NA;NA;NA
"626";NA;NA;NA
"627";NA;NA;NA
"628";NA;NA;NA
"629";NA;NA;NA
"630";NA;NA;NA
"631";-0,425274252680324;-0,206079438740622;-1,15674935055756
"632";NA;NA;NA
"633";0,629895675378254;0,315325619221173;0,272570994680393
"634";NA;NA;NA
"635";NA;NA;NA
"636";-0,630876507497134;-0,692158727214768;-0,195519387165037
"637";-0,810196806418828;-1,01733655753149;-0,357331509736711
"638";-1,34446713224015;-1,53712723769975;0,0950243282752184
"639";NA;NA;NA
"640";NA;NA;NA
"641";0,869393126369946;0,747104982869434;0,228343900010953
"642";-1,11750145916418;-0,320009173582609;0,176523818358681
"643";1,29006711115601;1,05743710382446;1,26821593599369
"644";1,16760395282386;1,07728338354956;0,906309448499336
"645";NA;NA;NA
"646";NA;NA;NA
"647";0,0942958456363266;0,614043245466553;0,871159515556657
"648";NA;NA;NA
"649";NA;NA;NA
"650";NA;NA;NA
"651";1,29006711115601;1,05743710382446;1,26821593599369
"652";-0,611160632077632;0,676286020839298;-0,898292535694828
"653";-1,50350406348482;-0,135801255276476;-0,636057260582923
"654";NA;NA;NA
"655";0,502450478781807;-0,461681849399142;-0,302265254240393
"656";-1,27374113398584;-0,200710749837634;-0,432081944234285
"657";NA;NA;NA
"658";NA;NA;NA
"659";NA;NA;NA
"660";1,00508986847788;0,991627576275562;0,624513804283119
"661";-0,33052109838957;-0,931465675788073;-0,196750479994607
"662";NA;NA;NA
"663";NA;NA;NA
"664";NA;NA;NA
"665";NA;NA;NA
"666";-1,5749820786505;-1,33788450411455;-0,876086039772917
"667";NA;NA;NA
"668";-1,72829564301072;-1,99593663085531;-1,85250617313753
"669";0,477081535706602;1,14086206021291;-0,398250721078623
"670";0,158946216022819;-0,0897216258762737;0,138559313174003
"671";-0,416976736363083;-1,14621565106592;-0,409249214128032
"672";0,531898065533099;1,03379746531172;-0,344789220653849
"673";NA;NA;NA
"674";-0,813222912257627;-0,928639336817828;-2,27877263078077
"675";NA;NA;NA
"676";NA;NA;NA
"677";NA;NA;NA
"678";NA;NA;NA
"679";NA;NA;NA
"680";NA;NA;NA
"681";-0,185058307805056;-0,536806728263519;-0,108706895612685
"682";NA;NA;NA
"683";NA;NA;NA
"684";0,997555063317462;1,12489384341875;-0,0825013018538858
"685";NA;NA;NA
"686";1,29006711115601;1,05743710382446;1,26821593599369
"687";NA;NA;NA
"688";-0,750147860481142;-0,763447527723915;-1,0442157401047
"689";NA;NA;NA
"690";0,141167656819115;1,34219425432656;0,787758915465561
"691";-0,47000367310081;1,12596808557514;0,155167212265048
"692";-1,19270133561289;-0,322423158607555;-1,15429656295687
"693";NA;NA;NA
"694";NA;NA;NA
"695";NA;NA;NA
"696";-1,52103960300476;-1,94962500007478;-1,86754802740689
"697";NA;NA;NA
"698";NA;NA;NA
"699";-0,831676038882228;-0,791888227648771;-1,59640214877142
"700";NA;NA;NA
"701";NA;NA;NA
"702";1,29006711115601;1,05743710382446;1,26821593599369
"703";0,952591482014718;-1,21880750969671;-1,51883162696202
"704";-0,295022612115684;-0,65743809177556;-0,36064858616582
"705";1,26356097542974;1,09622102365622;0,934670958638827
"706";NA;NA;NA
"707";NA;NA;NA
"708";1,29006711115601;1,05743710382446;1,26821593599369
"709";NA;NA;NA
"710";NA;NA;NA
"711";1,16646073051149;0,85876043308394;1,05980340981638
"712";NA;NA;NA
"713";NA;NA;NA
"714";1,12507090278569;0,963145332477264;0,699521937358557
"715";-1,84312051481425;-0,947864938774355;-0,827808910070563
"716";1,29006711115601;1,05743710382446;1,26821593599369
"717";1,34784879862379;0,997890767023426;0,516495085612146
"718";1,29006711115601;1,05743710382446;1,26821593599369
"719";NA;NA;NA
"720";NA;NA;NA
"721";-0,85189759603708;-0,491647584275795;-0,504227074528943
"722";NA;NA;NA
"723";NA;NA;NA
"724";NA;NA;NA
"725";NA;NA;NA
"726";NA;NA;NA
"727";NA;NA;NA
"728";-0,215614459066241;-0,185720729117912;0,0512993816137394
"729";NA;NA;NA
"730";-0,889097273613105;-0,236641857029318;-1,90485518867316
"731";-0,917329498819756;-0,298354837860515;-0,953421693807123
"732";NA;NA;NA
"733";NA;NA;NA
"734";1,34233084540191;1,06871146165402;0,817432290306094
"735";1,29006711115601;1,05743710382446;1,26821593599369
"736";NA;NA;NA
"737";1,29006711115601;1,05743710382446;1,26821593599369
"738";-0,726960454160824;-1,90605380145291;-0,663126191681077
"739";1,26356097542974;1,09622102365622;0,934670958638827
"740";NA;NA;NA
"741";NA;NA;NA
"742";NA;NA;NA
"743";NA;NA;NA
"744";NA;NA;NA
"745";NA;NA;NA
"746";NA;NA;NA
"747";NA;NA;NA
"748";NA;NA;NA
"749";NA;NA;NA
"750";NA;NA;NA
"751";0,609872115554013;0,736571041759813;0,536953201745364
"752";NA;NA;NA
"753";0,535496773491845;1,03821831617226;0,0383473749642488
"754";NA;NA;NA
"755";NA;NA;NA
"756";NA;NA;NA
"757";NA;NA;NA
"758";1,34233084540191;1,06871146165402;0,817432290306094
"759";1,29006711115601;1,05743710382446;1,26821593599369
"760";NA;NA;NA
"761";1,29006711115601;1,05743710382446;1,26821593599369
"762";1,29006711115601;1,05743710382446;1,26821593599369
"763";1,29006711115601;1,05743710382446;1,26821593599369
"764";NA;NA;NA
"765";NA;NA;NA
"766";-0,376084345569417;0,787178668515355;-0,106719719446724
"767";0,0791982926600995;0,0945134204431503;-0,871094133785744
"768";-0,866550310389532;-0,574278572943994;-1,07826628046008
"769";-0,880558127108232;-1,43582987253603;-0,46139890607926
"770";NA;NA;NA
"771";0,901629055417942;1,01723677619301;1,21147073281893
"772";NA;NA;NA
"773";NA;NA;NA
"774";NA;NA;NA
"775";NA;NA;NA
"776";NA;NA;NA
"777";NA;NA;NA
"778";NA;NA;NA
"779";NA;NA;NA
"780";1,14856269307105;1,13638467126363;1,21659122441282
"781";NA;NA;NA
"782";NA;NA;NA
"783";-1,41754938317658;-1,52627600547383;-0,912444258057614
"784";0,832033947654553;1,03730713548791;1,42862285399012
"785";NA;NA;NA
"786";NA;NA;NA
"787";NA;NA;NA
"788";NA;NA;NA
"789";NA;NA;NA
"790";NA;NA;NA
"791";NA;NA;NA
"792";1,01528236806294;0,791982475755301;0,53304322413036
"793";-0,38252645508386;-1,62907082358748;-2,10964577182622
"794";NA;NA;NA
"795";NA;NA;NA
"796";-0,815123415139995;0,190650067423659;-0,764345946811441
"797";NA;NA;NA
"798";NA;NA;NA
"799";NA;NA;NA
"800";NA;NA;NA
"801";NA;NA;NA
"802";NA;NA;NA
"803";NA;NA;NA
"804";-0,378390405055256;0,0218352090325913;0,422620072526388
"805";NA;NA;NA
"806";NA;NA;NA
"807";NA;NA;NA
"808";0,904917949361029;-0,48474343650217;0,0372548468344307
"809";NA;NA;NA
"810";NA;NA;NA
"811";NA;NA;NA
"812";NA;NA;NA
"813";NA;NA;NA
"814";NA;NA;NA
"815";-0,732244870427635;0,617286630658782;0,467979832140024
"816";NA;NA;NA
"817";-0,17138799472736;-0,0344753546972755;-0,279192954912054
"818";-0,750111592357463;-1,49926326670912;-2,32964765693425
"819";NA;NA;NA
"820";NA;NA;NA
"821";0,653820396211356;0,898210084747054;1,02658832750589
"822";-2,67258617656914;-2,21063918734539;-1,74150384785508
"823";NA;NA;NA
"824";NA;NA;NA
"825";-2,49869975873146;-2,39667828608328;-3,54720217326848
"826";NA;NA;NA
"827";NA;NA;NA
"828";-1,64077705513697;-1,65333216948701;-2,53631370354378
"829";NA;NA;NA
"830";-0,473418213261362;-0,393757064180943;-0,207592301269745
"831";0,698790864757893;0,885982945461359;1,21126928145338
"832";0,107802603934301;-0,531128296980732;0,246169127508994
"833";-1,01148829193026;-0,697924789427411;-1,34494201683318
"834";NA;NA;NA
"835";1,29006711115601;1,05743710382446;1,26821593599369
"836";NA;NA;NA
"837";NA;NA;NA
"838";1,29006711115601;1,05743710382446;1,26821593599369
"839";NA;NA;NA
"840";NA;NA;NA
"841";NA;NA;NA
"842";NA;NA;NA
"843";NA;NA;NA
"844";NA;NA;NA
"845";-1,1334933969069;-0,41863309675456;-0,0339825494876669
"846";NA;NA;NA
"847";NA;NA;NA
"848";NA;NA;NA
"849";NA;NA;NA
"850";NA;NA;NA
"851";NA;NA;NA
"852";-1,95923968880613;-1,00767732404444;-2,50778185543471
"853";NA;NA;NA
"854";-0,164493947132718;-0,392969321753974;-0,245990302756808
"855";1,29006711115601;1,05743710382446;1,26821593599369
"856";1,29006711115601;1,05743710382446;1,26821593599369
"857";NA;NA;NA
"858";NA;NA;NA
"859";NA;NA;NA
"860";NA;NA;NA
"861";-0,714264214915037;-0,668105393149757;-1,58128121938809
"862";0,483044671553834;0,980043523854719;1,19001545725458
"863";-0,611402560102454;0,643642870009846;1,49614212174934
"864";0,0715156494061112;-0,0852813561785769;0,0289432515819735
"865";-1,29768471024432;0,400298304994452;-0,58556161094963
"866";NA;NA;NA
"867";NA;NA;NA
"868";NA;NA;NA
"869";0,436428312787332;0,100387437774931;1,52662413252699
"870";NA;NA;NA
"871";1,29006711115601;1,05743710382446;1,26821593599369
"872";NA;NA;NA
"873";NA;NA;NA
"874";0,17056321093748;1,11816269798411;1,41311739505495
"875";NA;NA;NA
"876";NA;NA;NA
"877";NA;NA;NA
"878";-0,731161820787157;-0,41931429516034;0,0282756332673673
"879";0,510375844320409;0,839278408746127;0,281496120981719
"880";0,87436930755112;1,01806666321295;1,02694619248369
"881";NA;NA;NA
"882";-0,526775568076418;0,570155016718626;0,832714251070622
"883";NA;NA;NA
"884";-1,34533301922611;-0,720652147178733;-1,60181855784333
"885";NA;NA;NA
"886";NA;NA;NA
"887";-0,222470235283942;0,292486247179027;0,302103465676243
"888";NA;NA;NA
"889";NA;NA;NA
"890";NA;NA;NA
"891";NA;NA;NA
"892";1,29006711115601;1,05743710382446;1,26821593599369
"893";0,456591512987673;-0,0722138353163141;-0,289737202430239
"894";NA;NA;NA
"895";NA;NA;NA
"896";NA;NA;NA
"897";NA;NA;NA
"898";1,00170720569971;1,20048676790704;1,16933053033663
"899";NA;NA;NA
"900";NA;NA;NA
"901";1,26356097542974;1,09622102365622;0,934670958638827
"902";NA;NA;NA
"903";NA;NA;NA
"904";-0,768743993213883;-0,745443814526627;-1,00012125707214
"905";NA;NA;NA
"906";NA;NA;NA
"907";-0,164493947132718;-0,392969321753974;-0,245990302756808
"908";0,186474801556993;0,787926349454027;-1,16353326387501
"909";NA;NA;NA
"910";NA;NA;NA
"911";NA;NA;NA
"912";-0,308413649793821;1,0574192166045;-1,11263308980965
"913";1,02882312999924;1,20784311867688;0,133026058632121
"914";0,941343445937075;1,07926104615493;0,0198555726145069
"915";NA;NA;NA
"916";0,359257701998286;0,120812706757079;0,04264329313477
"917";NA;NA;NA
"918";NA;NA;NA
"919";0,225256960989685;1,01140801880978;-0,184165893840816
"920";0,576298391852385;-1,33858201255988;-0,2766916396832
"921";0,454127656084883;1,32778518210203;-0,357585630073458
"922";0,879244047367553;1,22033304763214;0,807424042842277
"923";0,259269142078041;0,674706619322909;-0,901178832336513
"924";NA;NA;NA
"925";-0,638970499664757;-1,18757783020853;-1,32389321276928
"926";-0,551313737216486;-0,805709056225144;-1,59248912056054
"927";NA;NA;NA
"928";NA;NA;NA
"929";NA;NA;NA
"930";NA;NA;NA
"931";1,19032572214593;1,20679831991467;0,709816384569742
"932";NA;NA;NA
"933";-0,879887125870677;-0,470199444809311;-0,970748372662044
"934";-1,03961866760056;-0,587658795969354;-0,447534106196975
"935";1,29006711115601;1,05743710382446;1,26821593599369
"936";-0,452853852589025;-0,249919657671398;-0,344875708413867
"937";NA;NA;NA
"938";NA;NA;NA
"939";1,13331437881591;1,06833907438067;1,31519026687657
"940";0,652219931434066;1,21340158696374;1,0173799354598
"941";1,0600791255321;1,17891637063912;1,09033569280748
"942";NA;NA;NA
"943";0,527450132244471;1,42939334136294;0,49950899195715
"944";NA;NA;NA
"945";1,29006711115601;1,05743710382446;1,26821593599369
"946";-0,164493947132718;-0,392969321753974;-0,245990302756808
"947";NA;NA;NA
"948";NA;NA;NA
"949";-0,719304789045381;0,73185263958527;0,905315521128809
"950";1,30601496073291;-0,211109709428347;1,27942146307541
"951";NA;NA;NA
"952";NA;NA;NA
"953";0,802645907916489;1,22806844687535;0,902025674139914
"954";1,29006711115601;1,05743710382446;1,26821593599369
"955";NA;NA;NA
"956";NA;NA;NA
"957";NA;NA;NA
"958";-0,164493947132718;-0,392969321753974;-0,245990302756808
"959";1,31582470967563;1,10749538148578;0,483887312951232
"960";NA;NA;NA
"961";NA;NA;NA
"962";1,29006711115601;1,05743710382446;1,26821593599369
"963";NA;NA;NA
"964";NA;NA;NA
"965";NA;NA;NA
"966";0,577032653202091;1,06020406859379;0,576702187576808
"967";0,369988246664334;-0,645457381315035;0,230577642912264
"968";0,264035457227459;-0,269882881499111;0,0694614180811415
"969";0,860202787614748;1,27943433534621;1,11770581875576
"970";NA;NA;NA
"971";0,991809960730948;1,14728664181984;1,2635655552957
"972";NA;NA;NA
"973";NA;NA;NA
"974";0,698927565234966;1,00904161062272;1,31300078158748
"975";1,31582470967563;1,10749538148578;0,483887312951232
"976";NA;NA;NA
"977";0,21743886658235;-0,127518268971414;-0,815748576290145
"978";1,29006711115601;1,05743710382446;1,26821593599369
"979";1,29006711115601;1,05743710382446;1,26821593599369
"980";NA;NA;NA
"981";NA;NA;NA
"982";0,54332279062092;-0,231116476161143;-0,286485132891715
"983";NA;NA;NA
"984";-0,160542969259262;-0,218281149180128;1,2351726355028
"985";NA;NA;NA
"986";NA;NA;NA
"987";0,348113083226087;0,179058404135833;-0,272667617025948
"988";NA;NA;NA
"989";NA;NA;NA
"990";NA;NA;NA
"991";NA;NA;NA
"992";1,04391237070146;-0,0231758048821503;1,0190893149525
"993";NA;NA;NA
"994";1,2048212796193;0,873899640238977;0,291872005261915
"995";NA;NA;NA
"996";0,792740477819244;0,660633746937025;0,776458680013935
"997";-0,601626892790558;-0,682801168065415;-1,00690511953949
"998";NA;NA;NA
"999";1,26356097542974;1,09622102365622;0,934670958638827
"1000";NA;NA;NA
"1001";NA;NA;NA
"1002";0,350208578079158;0,22170871388606;-0,863787310686734
"1003";NA;NA;NA
"1004";NA;NA;NA
"1005";-0,0378517372906512;-0,273749309717247;-0,625413335692366
"1006";NA;NA;NA
"1007";-0,392310604475591;-0,527470158949896;1,45347865078541
"1008";NA;NA;NA
"1009";0,169934042207797;1,31549986101194;0,674972265515806
"1010";NA;NA;NA
"1011";NA;NA;NA
"1012";NA;NA;NA
"1013";NA;NA;NA
"1014";NA;NA;NA
"1015";NA;NA;NA
"1016";-0,0839959312946074;1,00666922138377;-0,812023171569718
"1017";NA;NA;NA
"1018";NA;NA;NA
"1019";0,584871667327095;0,81289530296979;0,269750149432888
"1020";0,0527659954834941;-0,287403192577216;-0,12807994980927
"1021";0,960759216758967;1,05713683351722;1,38143038803471
"1022";NA;NA;NA
"1023";NA;NA;NA
"1024";0,227431427766824;0,505635093213167;0,777536762638618
"1025";NA;NA;NA
"1026";-1,13620462565157;-2,95381723721924;-0,987208576834337
"1027";NA;NA;NA
"1028";NA;NA;NA
"1029";NA;NA;NA
"1030";NA;NA;NA
"1031";1,15182567163323;1,10535590878934;-0,41637398715568
"1032";1,06997637050086;1,23211649672632;0,996100667848412
"1033";NA;NA;NA
"1034";NA;NA;NA
"1035";NA;NA;NA
"1036";NA;NA;NA
"1037";NA;NA;NA
"1038";NA;NA;NA
"1039";NA;NA;NA
"1040";NA;NA;NA
"1041";0,859631959235916;0,900623000407198;0,507081717642662
"1042";-0,417673015123248;-0,924421204409639;0,568650891311575
"1043";-1,09656543971117;-1,36860104515727;-1,87452137558793
"1044";NA;NA;NA
"1045";1,1980488268404;0,0169978524538191;1,28260992242251
"1046";NA;NA;NA
"1047";0,436503921688427;1,09873733476939;0,59782142393762
"1048";-0,772875115582778;-1,2818375945499;-0,948004899666769
"1049";NA;NA;NA
"1050";NA;NA;NA
"1051";NA;NA;NA
"1052";NA;NA;NA
"1053";NA;NA;NA
"1054";NA;NA;NA
"1055";NA;NA;NA
"1056";NA;NA;NA
"1057";-1,86320679676149;-1,27205438012392;-2,21250824830578
"1058";NA;NA;NA
"1059";NA;NA;NA
"1060";-1,24785750012637;-1,61354397868498;-0,480990693749761
"1061";NA;NA;NA
"1062";-0,679240766990034;-0,526993007095144;-0,284556147626464
"1063";NA;NA;NA
"1064";NA;NA;NA
"1065";NA;NA;NA
"1066";NA;NA;NA
"1067";NA;NA;NA
"1068";1,29006711115601;1,05743710382446;1,26821593599369
"1069";NA;NA;NA
"1070";NA;NA;NA
"1071";NA;NA;NA
"1072";0,673693903494573;1,19474870527208;0,278354922594405
"1073";NA;NA;NA
"1074";-0,499071017089578;-0,0214856552094283;-0,518827262587771
"1075";1,1855781130618;1,07961343221023;0,864406621188973
"1076";NA;NA;NA
"1077";NA;NA;NA
"1078";NA;NA;NA
"1079";NA;NA;NA
"1080";NA;NA;NA
"1081";-0,127457043385348;-0,317173960893045;-1,00248615539412
"1082";NA;NA;NA
"1083";NA;NA;NA
"1084";NA;NA;NA
"1085";NA;NA;NA
"1086";NA;NA;NA
"1087";NA;NA;NA
"1088";NA;NA;NA
"1089";1,39024101498974;-0,799419428372497;1,35965746392069
"1090";NA;NA;NA
"1091";1,17415275584959;0,927505697195758;0,658500510629093
"1092";-0,0386464188766788;-0,177407104549501;-0,607851270042637
"1093";-0,428400035705958;-3,07338623037766;-0,568518499193432
"1094";NA;NA;NA
"1095";NA;NA;NA
"1096";NA;NA;NA
"1097";0,142870844265997;-0,0982171788595416;0,218386832145553
"1098";0,313334804997011;-0,109637209346484;-0,464365376077921
"1099";-0,811035058286014;-1,47293545923554;0,432925879792019
"1100";NA;NA;NA
"1101";0,309340846036083;0,796531698162126;-0,46313536845014
"1102";-0,281979701370673;0,087546505418769;-0,171370313357948
"1103";NA;NA;NA
"1104";-1,17934266184067;-0,56033016681992;-0,802289110925009
"1105";NA;NA;NA
"1106";1,22178890647608;0,377200009515803;1,19918546223013
"1107";0,159519924172825;-1,33350233246436;1,02026780446015
"1108";-2,13927785802321;-0,409122875614331;-0,934617601124403
"1109";1,00170720569971;1,20048676790704;1,16933053033663
"1110";-0,668012903799093;-0,671981185751079;0,0664950791931105
"1111";NA;NA;NA
"1112";NA;NA;NA
"1113";-1,32906956904667;-1,54636111124736;-0,371595805355751
"1114";1,07195515819609;-0,402720501008123;0,271951930370232
"1115";0,787394041162336;0,46543976621223;0,749738558837165
"1116";NA;NA;NA
"1117";0,881437896094689;1,04819791772783;0,481697827662145
"1118";NA;NA;NA
"1119";NA;NA;NA
"1120";NA;NA;NA
"1121";0,456517175034265;0,997024653703362;-0,260967313934501
"1122";-1,06169558141646;0,227430217565553;0,0291591373220859
"1123";1,31582470967563;1,10749538148578;0,483887312951232
"1124";NA;NA;NA
"1125";NA;NA;NA
"1126";1,29696115875065;0,698943136767765;1,30141858814894
"1127";NA;NA;NA
"1128";NA;NA;NA
"1129";NA;NA;NA
"1130";0,724451955413525;0,794661615877145;0,601565593957045
"1131";NA;NA;NA
"1132";1,14856269307105;1,13638467126363;1,21659122441282
"1133";NA;NA;NA
"1134";NA;NA;NA
"1135";NA;NA;NA
"1136";-0,0968903768422444;1,14860816452648;0,157401977544528
"1137";-0,141297683542962;1,05542339391832;0,407890028815181
"1138";0,27035223572508;0,728961845939174;0,189718502732712
"1139";NA;NA;NA
"1140";NA;NA;NA
"1141";NA;NA;NA
"1142";NA;NA;NA
"1143";NA;NA;NA
"1144";NA;NA;NA
"1145";0,970656461727726;1,11033695960442;1,28719536307564
"1146";1,29006711115601;1,05743710382446;1,26821593599369
"1147";1,34784879862379;0,997890767023426;0,516495085612146
"1148";-0,235959211116181;-1,75607427611735;-1,49706577794299
"1149";1,29006711115601;1,05743710382446;1,26821593599369
"1150";-0,916884960314917;-0,692679192267155;-1,11956275209274
"1151";-0,679240766990034;-0,526993007095144;-0,284556147626464
"1152";NA;NA;NA
"1153";NA;NA;NA
"1154";NA;NA;NA
"1155";NA;NA;NA
"1156";0,710839060671284;0,868667890363327;1,06405445341293
"1157";-1,27036397880114;0,657314844981831;-0,59822622670235
"1158";1,07195515819609;-0,402720501008123;0,271951930370232
"1159";NA;NA;NA
"1160";NA;NA;NA
"1161";NA;NA;NA
"1162";NA;NA;NA
"1163";NA;NA;NA
"1164";NA;NA;NA
"1165";NA;NA;NA
"1166";NA;NA;NA
"1167";NA;NA;NA
"1168";NA;NA;NA
"1169";NA;NA;NA
"1170";-1,16767011787077;-0,509751722020975;0,098241894530237
"1171";NA;NA;NA
"1172";NA;NA;NA
"1173";NA;NA;NA
"1174";1,19161130105931;0,875975070757753;0,994112109143154
"1175";1,29006711115601;1,05743710382446;1,26821593599369
"1176";1,29006711115601;1,05743710382446;1,26821593599369
"1177";0,664330843040278;0,635238385318956;0,943760667068175
"1178";1,29006711115601;1,05743710382446;1,26821593599369
"1179";NA;NA;NA
"1180";-1,54863058957262;-0,748927624126589;0,286750493716182
"1181";-0,55582148722228;0,286506541172285;0,744909972019159
"1182";0,0867125178100085;0,0779771858399991;0,999924764738067
"1183";-0,371561390163867;-0,698180551450993;-0,455371235857103
"1184";0,294701824001933;-0,563992149594644;0,235084509409388
"1185";-3,03140246238447;-2,46786166298611;-1,90881076020052
"1186";NA;NA;NA
"1187";0,600745874548211;-0,381037974524469;0,302105644407721
"1188";NA;NA;NA
"1189";NA;NA;NA
"1190";NA;NA;NA
"1191";0,541895239248232;0,802393552539728;1,33377251101094
"1192";NA;NA;NA
"1193";-0,179730524368846;1,24516577437944;0,814121007588918
"1194";NA;NA;NA
"1195";NA;NA;NA
"1196";NA;NA;NA
"1197";-0,509352957844627;0,924601235894253;0,970642609810723
"1198";NA;NA;NA
"1199";NA;NA;NA
"1200";NA;NA;NA
"1201";NA;NA;NA
"1202";NA;NA;NA
"1203";NA;NA;NA
"1204";NA;NA;NA
"1205";0,796873059683452;-0,0193529975332487;1,18591764133366
"1206";-0,98256616374256;-1,1600331998706;-1,18121178660606
"1207";NA;NA;NA
"1208";NA;NA;NA
"1209";0,391759078549108;0,0961984372900234;-0,0364442593031072
"1210";NA;NA;NA
"1211";NA;NA;NA
"1212";NA;NA;NA
"1213";NA;NA;NA
"1214";NA;NA;NA
"1215";NA;NA;NA
"1216";1,09251951886842;-0,258883094498577;0,13466852322611
"1217";0,898010346774808;1,11402653156874;1,17599438837074
"1218";1,29006711115601;1,05743710382446;1,26821593599369
"1219";1,29006711115601;1,05743710382446;1,26821593599369
"1220";0,0596865859099847;1,1882376871802;0,0249646693367108
"1221";1,14856269307105;1,13638467126363;1,21659122441282
"1222";-0,197367364187866;0,218588105817094;0,947145581604663
"1223";0,904112255200135;0,864169129236107;0,79872386768716
"1224";NA;NA;NA
"1225";1,14553941233477;1,0155031943755;1,33467419222436
"1226";1,34233084540191;1,06871146165402;0,817432290306094
"1227";1,05476307911492;1,10312456101253;1,12902005748786
"1228";NA;NA;NA
"1229";NA;NA;NA
"1230";NA;NA;NA
"1231";NA;NA;NA
"1232";NA;NA;NA
"1233";NA;NA;NA
"1234";NA;NA;NA
"1235";NA;NA;NA
"1236";0,792581127206654;0,915931069058955;1,22249860835771
"1237";0,688432362357433;0,833422202038171;0,9725581168289
"1238";NA;NA;NA
"1239";-0,974188195459789;-1,7524169426663;-0,711295397927554
"1240";NA;NA;NA
"1241";-0,131938936406613;-0,301175455384075;-0,450239607462486
"1242";NA;NA;NA
"1243";1,29006711115601;1,05743710382446;1,26821593599369
"1244";1,04822994648784;1,13860926733536;0,112663993054671
"1245";NA;NA;NA
"1246";NA;NA;NA
"1247";-2,34796618987524;-1,41355777264605;-2,4199364572994
"1248";NA;NA;NA
"1249";0,246531874705076;0,548991346320029;-0,375557212587328
"1250";NA;NA;NA
"1251";NA;NA;NA
"1252";NA;NA;NA
"1253";NA;NA;NA
"1254";NA;NA;NA
"1255";NA;NA;NA
"1256";NA;NA;NA
"1257";-2,19444467063478;-3,19144120716226;-1,58910348344685
"1258";NA;NA;NA
"1259";0,475111206798126;1,02615597926211;0,153092985714162
"1260";NA;NA;NA
"1261";0,0763518634820021;-0,217570752156907;-0,889771535816631
"1262";0,244795634549202;1,09973770037642;1,30640466765226
"1263";NA;NA;NA
"1264";NA;NA;NA
"1265";1,10680824308963;1,10712299421243;0,981645289521706
"1266";NA;NA;NA
"1267";NA;NA;NA
"1268";NA;NA;NA
"1269";NA;NA;NA
"1270";NA;NA;NA
"1271";1,34233084540191;1,06871146165402;0,817432290306094
"1272";0,91464894251868;1,07114453149871;0,387195031862376
"1273";NA;NA;NA
"1274";-2,32257667471611;-1,69502713761599;-2,30374535686412
"1275";-0,126912982872616;0,535666713371674;-0,328599111189048
"1276";1,20082642731695;1,14765902909319;0,765807578725226
"1277";NA;NA;NA
"1278";0,199595943568292;0,857397356738159;0,879262707064806
"1279";NA;NA;NA
"1280";NA;NA;NA
"1281";-0,436084539840476;0,973410477313753;-0,0378694205014201
"1282";NA;NA;NA
"1283";0,45062096653874;0,933781798497599;0,0154161057553712
"1284";NA;NA;NA
"1285";NA;NA;NA
"1286";0,2324913401404;-0,321804106032941;-0,14941776536509
"1287";0,91078126733961;1,07363484106824;0,524535370145292
"1288";NA;NA;NA
"1289";0,559149505818028;1,29683029268296;0,186008753413676
"1290";NA;NA;NA
"1291";NA;NA;NA
"1292";NA;NA;NA
"1293";NA;NA;NA
"1294";NA;NA;NA
"1295";NA;NA;NA
"1296";-0,237729200416521;-0,282392025495523;-0,470844876825893
"1297";1,2955850643779;0,986616409193869;0,967278731299742
"1298";-1,33292317778289;-0,169835506894712;-1,3488151978248
"1299";-0,864327513000635;-0,280366697774763;-1,67147373853883
"1300";NA;NA;NA
"1301";1,12835924736628;0,669538004020213;0,370721219279004
"1302";NA;NA;NA
"1303";NA;NA;NA
"1304";NA;NA;NA
"1305";NA;NA;NA
"1306";NA;NA;NA
"1307";NA;NA;NA
"1308";NA;NA;NA
"1309";NA;NA;NA
"1310";0,0863364617556403;1,66381215162629;0,402258897313107
"1311";NA;NA;NA
"1312";NA;NA;NA
"1313";0,0838980967115182;-0,303407987527351;-0,228755503653969
"1314";NA;NA;NA
"1315";-0,410711850702664;0,760469937567461;-0,930253664671486
"1316";-0,47952962485964;-0,0740960846322535;1,19972009112306
"1317";NA;NA;NA
"1318";NA;NA;NA
"1319";NA;NA;NA
"1320";1,29006711115601;1,05743710382446;1,26821593599369
"1321";NA;NA;NA
"1322";-1,40241032497594;-0,477018522893669;-0,147223264895153
"1323";0,703450055274641;1,29033630590241;1,16468014963864
"1324";NA;NA;NA
"1325";NA;NA;NA
"1326";NA;NA;NA
"1327";NA;NA;NA
"1328";NA;NA;NA
"1329";-0,696325308774177;0,81395682468211;-1,16074904751166
"1330";NA;NA;NA
"1331";0,44837521893872;0,986683470927835;1,2724039455454
"1332";0,375335121895503;0,969078352364124;0,233770813469448
"1333";NA;NA;NA
"1334";NA;NA;NA
"1335";-0,659819628630068;-0,601678551051218;-0,268345593453538
"1336";-0,438092877309332;-0,225640108490749;-0,648317009702691
"1337";NA;NA;NA
"1338";NA;NA;NA
"1339";NA;NA;NA
"1340";1,22202509571949;1,07423527123469;0,396316146026269
"1341";NA;NA;NA
"1342";0,396899421655441;0,766234048609237;0,621633089668249
"1343";NA;NA;NA
"1344";NA;NA;NA
"1345";NA;NA;NA
"1346";NA;NA;NA
"1347";0,765297313503654;0,43669919947153;0,457269109806518
"1348";0,661490353732336;1,38015118519159;-0,14544025216685
"1349";NA;NA;NA
"1350";NA;NA;NA
"1351";NA;NA;NA
"1352";-0,135463631331102;0,50570800538921;-0,192826419965508
"1353";NA;NA;NA
"1354";-0,572571154241541;-0,406421417907295;-0,865243201417994
"1355";NA;NA;NA
"1356";0,335822292928523;0,721259485106695;-0,768982225733536
"1357";1,00881482729969;0,225904577419572;0,356727886125603
"1358";NA;NA;NA
"1359";NA;NA;NA
"1360";-0,380306817060949;0,427683995834499;-1,18203837394413
"1361";-2,15129519586551;-0,863774809068581;-1,22151138591538
"1362";NA;NA;NA
"1363";NA;NA;NA
"1364";NA;NA;NA
"1365";NA;NA;NA
"1366";NA;NA;NA
"1367";NA;NA;NA
"1368";NA;NA;NA
"1369";-0,924136526584542;-1,53032522207194;-1,39312190863246
"1370";-0,78689348198491;-0,824413660105512;-1,33949434695597
"1371";-0,648701189968847;-0,283946596013573;-1,42352499786866
"1372";NA;NA;NA
"1373";NA;NA;NA
"1374";NA;NA;NA
"1375";-0,842036941374188;-0,286922046514828;-0,994321249303195
"1376";1,29006711115601;1,05743710382446;1,26821593599369
"1377";1,06883314818849;1,01359354626071;1,14959462916546
"1378";NA;NA;NA
"1379";NA;NA;NA
"1380";1,26356097542974;1,09622102365622;0,934670958638827
"1381";-0,158975993910837;-0,463790016384569;-0,546927507450755
"1382";NA;NA;NA
"1383";NA;NA;NA
"1384";NA;NA;NA
"1385";NA;NA;NA
"1386";-0,303542156574249;1,16556565997928;-0,469465985502762
"1387";1,04882130406097;1,28574588735384;0,658191672988874
"1388";0,868900331822587;1,08120177768932;0,205474171384245
"1389";NA;NA;NA
"1390";NA;NA;NA
"1391";NA;NA;NA
"1392";-1,65729093186901;0,371018791607832;-0,0386088305611302
"1393";NA;NA;NA
"1394";-0,280727989655546;0,257152446804946;-2,68081990838119
"1395";NA;NA;NA
"1396";NA;NA;NA
"1397";NA;NA;NA
"1398";NA;NA;NA
"1399";-2,41444992888994;-1,61152923943347;-2,59414239282779
"1400";NA;NA;NA
"1401";NA;NA;NA
"1402";NA;NA;NA
"1403";NA;NA;NA
"1404";NA;NA;NA
"1405";NA;NA;NA
"1406";0,712135119331775;0,648498176501109;-0,593451836902586
"1407";NA;NA;NA
"1408";0,346553164484866;-0,39348812828163;-1,03346379944548
"1409";-2,33269061228148;-0,727063652496193;-2,38389852652756
"1410";-1,39634088582311;-0,889956184613871;-1,7547684636909
"1411";NA;NA;NA
"1412";NA;NA;NA
"1413";0,119036252002348;1,0916345290621;0,306770694733799
"1414";NA;NA;NA
"1415";NA;NA;NA
"1416";NA;NA;NA
"1417";NA;NA;NA
"1418";1,2955850643779;0,986616409193869;0,967278731299742
"1419";NA;NA;NA
"1420";NA;NA;NA
"1421";NA;NA;NA
"1422";NA;NA;NA
"1423";NA;NA;NA
"1424";NA;NA;NA
"1425";NA;NA;NA
"1426";0,519086519610719;-0,273122502576215;0,164516647868409
"1427";0,0262383760005919;-0,381185872659785;-0,0573136777506719
"1428";-1,61326179620958;-1,08625583657123;-0,58298275440178
"1429";NA;NA;NA
"1430";NA;NA;NA
"1431";1,05173979837863;0,982243084124402;1,2471030252994
"1432";1,29006711115601;1,05743710382446;1,26821593599369
"1433";1,19539697507233;0,578150942919117;0,355014221719236
"1434";1,07488073949177;0,689135285157118;0,937871692187177
"1435";NA;NA;NA
"1436";NA;NA;NA
"1437";0,546125968056462;0,341534022004026;0,385429250134469
"1438";NA;NA;NA
"1439";NA;NA;NA
"1440";1,21683185787221;1,16801440008291;1,0433613619246
"1441";NA;NA;NA
"1442";NA;NA;NA
"1443";NA;NA;NA
"1444";NA;NA;NA
"1445";1,14856269307105;1,13638467126363;1,21659122441282
"1446";0,682586753818416;0,0383378113166292;0,274146656737399
"1447";NA;NA;NA
"1448";-2,32509813487597;0,387088226146241;-0,800500995772851
"1449";-0,836463290840273;0,724844833897671;1,13953619721297
"1450";NA;NA;NA
"1451";1,29006711115601;1,05743710382446;1,26821593599369
"1452";-1,59694026407117;-1,7467044509548;-1,23805228306767
"1453";NA;NA;NA
"1454";NA;NA;NA
"1455";0,666650047629508;-0,310645251831045;-0,489777167475128
"1456";NA;NA;NA
"1457";-1,73893660771823;0,157608219466275;0,194629477550829
"1458";NA;NA;NA
"1459";NA;NA;NA
"1460";-1,56892265531833;-1,17214283456918;-2,37233168783193
"1461";NA;NA;NA
"1462";NA;NA;NA
"1463";0,80346124065482;0,97577459951331;0,528880468164584
"1464";0,392741275688681;0,380420043532;0,693050452437876
"1465";1,19584367536781;1,13597762528408;0,408879179875794
"1466";1,22234981109409;1,09719370545232;0,742424157230656
"1467";1,26356097542974;1,09622102365622;0,934670958638827
"1468";1,21683185787221;1,16801440008291;1,0433613619246
"1469";1,29006711115601;1,05743710382446;1,26821593599369
"1470";1,29006711115601;1,05743710382446;1,26821593599369
"1471";NA;NA;NA
"1472";NA;NA;NA
"1473";NA;NA;NA
"1474";0,382795102380949;0,101454528756652;0,425129969670314
"1475";1,29006711115601;1,05743710382446;1,26821593599369
"1476";0,521629323554918;-0,509095304007363;-1,70077964676995
"1477";NA;NA;NA
"1478";NA;NA;NA
"1479";NA;NA;NA
"1480";-0,153782756063558;-0,557569145232796;-1,19397272334909
"1481";1,29006711115601;1,05743710382446;1,26821593599369
"1482";NA;NA;NA
"1483";NA;NA;NA
"1484";NA;NA;NA
"1485";NA;NA;NA
"1486";-0,619784808822335;-0,690726280787247;-1,15700641805875
"1487";0,65253549561282;-0,537182165309752;-1,23567590389641
"1488";NA;NA;NA
"1489";NA;NA;NA
"1490";NA;NA;NA
"1491";NA;NA;NA
"1492";NA;NA;NA
"1493";NA;NA;NA
"1494";NA;NA;NA
"1495";NA;NA;NA
"1496";NA;NA;NA
"1497";NA;NA;NA
"1498";-0,164493947132718;-0,392969321753974;-0,245990302756808
"1499";-1,75201159647664;-1,53307787342219;0,245313979635178
"1500";NA;NA;NA
"1501";1,29006711115601;1,05743710382446;1,26821593599369
"1502";NA;NA;NA
"1503";1,16116519512457;-0,120898561543978;0,745355381887445
"1504";1,10875726664448;0,802284151788763;0,274506379850936
"1505";1,16359446970022;-0,302257196225292;0,33616106035595
"1506";NA;NA;NA
"1507";0,720760418038445;0,0667954920857292;-0,810295726826023
"1508";NA;NA;NA
"1509";NA;NA;NA
"1510";-2,69611584486983;-2,38008280019838;-3,35007653082142
"1511";0,400388346440763;0,862304327872061;0,813172809242738
"1512";NA;NA;NA
"1513";-0,498294035038863;-0,817992662365151;-1,52599941168395
"1514";NA;NA;NA
"1515";NA;NA;NA
"1516";-0,371561390163867;-0,698180551450993;-0,455371235857103
"1517";NA;NA;NA
"1518";NA;NA;NA
"1519";NA;NA;NA
"1520";NA;NA;NA
"1521";-2,01419680479915;-1,4460875497921;0,0609377192217776
"1522";NA;NA;NA
"1523";-1,90072811584904;-0,581033782278862;-0,498904025260949
"1524";NA;NA;NA
"1525";NA;NA;NA
"1526";-0,14352242809481;-0,514820975841983;0,429647916999873
"1527";NA;NA;NA
"1528";NA;NA;NA
"1529";NA;NA;NA
"1530";1,18006539417719;1,16405015052386;-0,913804255779222
"1531";NA;NA;NA
"1532";NA;NA;NA
"1533";0,1760150624167;0,56707318545202;-0,534383171530686
"1534";NA;NA;NA
"1535";-0,856369013012264;-1,20841530810565;-0,177972533225353
"1536";NA;NA;NA
"1537";NA;NA;NA
"1538";0,653559614546992;1,04296316439344;-0,373965399392787
"1539";-1,20980234766179;0,708631536033611;-0,607115662814706
"1540";-0,438156442197746;0,721510619646296;-0,325400491763615
"1541";-1,05921534278638;0,628272873343772;-0,625883157062884
"1542";1,20232585928064;0,589436186901613;-0,411294702512269
"1543";NA;NA;NA
"1544";NA;NA;NA
"1545";NA;NA;NA
"1546";NA;NA;NA
"1547";NA;NA;NA
"1548";0,417243129931169;0,0314484669353087;-0,172625806867738
"1549";NA;NA;NA
"1550";NA;NA;NA
"1551";NA;NA;NA
"1552";NA;NA;NA
"1553";NA;NA;NA
"1554";-0,0209462533614355;-0,524971573432176;-1,11770389425572
"1555";-1,65045907991206;-2,39598190847533;-1,6963910032569
"1556";NA;NA;NA
"1557";NA;NA;NA
"1558";NA;NA;NA
"1559";0,733943974394044;0,983762940553137;-0,248117916891662
"1560";1,24258945639183;1,21807267774423;0,259032738882147
"1561";NA;NA;NA
"1562";NA;NA;NA
"1563";NA;NA;NA
"1564";0,131264732554399;-0,995970435855737;-1,14984150572309
"1565";NA;NA;NA
"1566";0,217885552718381;0,726840970471367;1,04758040511717
"1567";NA;NA;NA
"1568";NA;NA;NA
"1569";0,328637671639054;-0,52000512610699;-0,486003390570342
"1570";0,131866898494728;-0,873696853045478;-1,53839680259258
"1571";NA;NA;NA
"1572";-1,29599696475388;-2,71592197047075;-2,71149450930013
"1573";-0,512380756621069;-0,69524600491396;-0,388732505587551
"1574";NA;NA;NA
"1575";NA;NA;NA
"1576";NA;NA;NA
"1577";NA;NA;NA
"1578";NA;NA;NA
"1579";NA;NA;NA
"1580";-0,986636509141101;-0,0593559772278742;-0,40038781412771
"1581";0,385917590286242;0,74167608311477;1,02843884463944
"1582";0,547185689575814;1,14331371078939;-0,285953630097929
"1583";1,29006711115601;1,05743710382446;1,26821593599369
"1584";1,2086794980164;0,594862331886076;0,912910216530025
"1585";0,965728409419143;0,1943089676149;1,24059476271311
"1586";NA;NA;NA
"1587";0,468513933979979;0,786600196983319;0,930844596787127
"1588";0,8600680818987;-0,00277169782748739;1,36665678498617
"1589";1,34233084540191;1,06871146165402;0,817432290306094
"1590";0,301358977752367;0,203929439353248;-0,284839227009463
"1591";NA;NA;NA
"1592";NA;NA;NA
"1593";1,15010567137931;0,763045233411175;1,25415789407274
"1594";0,54508575780061;0,904225739242;0,551820707501337
"1595";0,728919392328628;-0,269680374633187;1,09507855942381
"1596";1,19991035436921;0,977563974857076;-0,125828112413364
"1597";-2,8908768588261;-2,52420227094235;-1,16297308923919
"1598";-1,28945189970476;0,648726594667485;-1,70406628101949
"1599";NA;NA;NA
"1600";-0,680696166582218;-1,84894355401754;-1,54347787626752
"1601";-0,736186460981926;-1,42468822053233;0,340962556780152
"1602";0,383891602799664;-0,770930763555001;0,221637879972943
"1603";0,0743283183424884;-0,632792413263176;1,11460071280691
"1604";0,739344954299105;0,207318200599;-1,44859402903899
"1605";-0,838704278520511;-0,337461887822962;-1,43948250420568
"1606";-0,434153485130049;0,0323664321639952;0,110785716234023
"1607";NA;NA;NA
"1608";NA;NA;NA
"1609";NA;NA;NA
"1610";1,33177255925253;-0,161051431767029;0,495092840032951
"1611";1,29006711115601;1,05743710382446;1,26821593599369
"1612";1,15806319534879;0,78415850743248;1,24845905749585
"1613";NA;NA;NA
"1614";NA;NA;NA
"1615";NA;NA;NA
"1616";NA;NA;NA
"1617";NA;NA;NA
"1618";-0,965585061176053;-1,59340694556172;-1,68213829293477
"1619";1,05476307911492;1,10312456101253;1,12902005748786
"1620";1,10874866315947;-0,494303612607994;-1,11425110206012
"1621";0,549287148459606;0,318422527110903;1,44822153901669
"1622";1,16193396220715;0,304783063487648;1,39974467746264
"1623";NA;NA;NA
"1624";1,12469651273637;-1,7628504258608;-1,1030455749784
"1625";0,933739634054215;-1,82575314626413;-0,953888667195135
"1626";NA;NA;NA
"1627";1,22518913783758;0,597265285786145;1,22872315632468
"1628";NA;NA;NA
"1629";-0,0165842859421048;0,259461517170185;0,380971623875837
"1630";NA;NA;NA
"1631";1,15430779565757;1,11399187286254;-0,129475632736765
"1632";1,11541844217873;0,949986407623788;-0,17992478616006
"1633";0,960217821754387;1,10582592386721;0,00614698389029313
"1634";NA;NA;NA
"1635";-1,04376188662052;-1,0071214499523;-2,35369789043038
"1636";0,696341666794862;1,03009418799023;0,768767980407738
"1637";0,918292330128086;-0,637474543911368;-0,46397795227646
"1638";NA;NA;NA
"1639";1,29006711115601;1,05743710382446;1,26821593599369
"1640";NA;NA;NA
"1641";NA;NA;NA
"1642";NA;NA;NA
"1643";1,29006711115601;1,05743710382446;1,26821593599369
"1644";NA;NA;NA
"1645";NA;NA;NA
"1646";1,29006711115601;1,05743710382446;1,26821593599369
"1647";NA;NA;NA
"1648";NA;NA;NA
"1649";NA;NA;NA
"1650";NA;NA;NA
"1651";0,180300374269354;-0,213860905592195;0,489477736326952
"1652";NA;NA;NA
"1653";-1,91396740665906;-0,215653993488383;-0,382330398289733
"1654";0,229479070537638;0,0914430136175426;-0,997881332976218
"1655";1,08583672405172;1,22897464830044;0,306007069765025
"1656";NA;NA;NA
"1657";0,718865253465282;1,27271573735902;0,769507919985622
"1658";NA;NA;NA
"1659";-0,495879830579717;-0,617161677022624;-1,83939588195616
"1660";NA;NA;NA
"1661";NA;NA;NA
"1662";-1,07994113841598;0,459120921172317;1,0946449152056
"1663";NA;NA;NA
"1664";NA;NA;NA
"1665";1,16097469388758;0,707070009576336;0,94885667187412
"1666";-0,640086859544401;-0,680600148626617;-0,466593781220687
"1667";-0,0435876456595726;-0,878509142163165;0,699135421432421
"1668";NA;NA;NA
"1669";NA;NA;NA
"1670";0,379530993437068;-1,1717252969232;-0,298625598722809
"1671";1,04941200982853;1,08827909021678;1,13338407499253
"1672";NA;NA;NA
"1673";-0,076956670458189;0,113808992116759;0,570635579149417
"1674";1,29006711115601;1,05743710382446;1,26821593599369
"1675";-0,784839263756617;-0,0719462337768183;-2,07810351642556
"1676";-0,764900911078115;-0,25770227740298;-0,238812739139162
"1677";NA;NA;NA
"1678";1,00617237559904;0,742251655723828;0,842331812232473
"1679";-0,877693782881615;-1,28343804320343;0,0742631209678184
"1680";NA;NA;NA
"1681";NA;NA;NA
"1682";NA;NA;NA
"1683";-0,515006303099128;-0,534077039175713;0,532237046129085
"1684";NA;NA;NA
"1685";NA;NA;NA
"1686";NA;NA;NA
"1687";0,761769095724073;0,945611335134183;0,540512813760191
"1688";1,0600791255321;1,17891637063912;1,09033569280748
"1689";NA;NA;NA
"1690";NA;NA;NA
"1691";NA;NA;NA
"1692";NA;NA;NA
"1693";NA;NA;NA
"1694";NA;NA;NA
"1695";0,210791843250134;0,742870501522973;-0,150858773004277
"1696";0,995068432647493;-1,34898697606526;-1,4787499790035
"1697";NA;NA;NA
"1698";0,136786484028635;-0,361937382861215;-0,359422889870361
"1699";NA;NA;NA
"1700";NA;NA;NA
"1701";NA;NA;NA
"1702";NA;NA;NA
"1703";NA;NA;NA
"1704";0,802545167707083;0,805679545277199;-0,362755222974006
"1705";-0,192924937793462;-0,858519300767834;-0,753573557588519
"1706";NA;NA;NA
"1707";NA;NA;NA
"1708";1,08966739971577;0,601360363855824;0,359120313402979
"1709";0,139639153555346;0,681682370875202;-1,74893213843805
"1710";NA;NA;NA
"1711";NA;NA;NA
"1712";0,351571690481276;1,01625884461198;0,854033423993646
"1713";NA;NA;NA
"1714";NA;NA;NA
"1715";0,287884736567676;0,710765803960739;0,912238838134326
"1716";NA;NA;NA
"1717";NA;NA;NA
"1718";1,20513825189957;-1,47974674682874;1,5262517081334
"1719";NA;NA;NA
"1720";NA;NA;NA
"1721";NA;NA;NA
"1722";NA;NA;NA
"1723";1,26356097542974;1,09622102365622;0,934670958638827
"1724";NA;NA;NA
"1725";0,36516334188051;0,848922562226467;-0,0177050120637278
"1726";0,656424238526686;-0,527757107045991;-0,265891000329034
"1727";NA;NA;NA
"1728";1,07747311141797;-0,473541195638717;-0,0289852743237153
"1729";NA;NA;NA
"1730";-2,17615045260105;-0,547711149269211;-0,847924260908095
"1731";-1,50968505119086;-0,0169240794992074;-0,289803509182166
"1732";0,85384320523616;-1,86287810584071;-0,724312075253224
"1733";NA;NA;NA
"1734";0,644585507140415;-0,372425441005108;-0,0614124237501008
"1735";0,490856055536596;-0,240641993560767;-0,132521060678765
"1736";0,689245380944205;0,510376033150872;-0,0224456496428116
"1737";NA;NA;NA
"1738";NA;NA;NA
"1739";0,56777823580224;0,0814861101135678;0,468287706073292
"1740";-0,14011715995288;-0,15235886122242;-0,359509118360185
"1741";1,03951476485977;1,03507896412958;1,2276190999516
"1742";NA;NA;NA
"1743";1,15946538875148;-0,180827659223517;1,17809031958802
"1744";0,976007531014115;1,12518243040018;1,28283134557097
"1745";NA;NA;NA
"1746";NA;NA;NA
"1747";0,474360607962445;-0,00908673178613872;0,619276911752861
"1748";NA;NA;NA
"1749";1,29696115875065;0,698943136767765;1,30141858814894
"1750";1,29006711115601;1,05743710382446;1,26821593599369
"1751";1,29006711115601;1,05743710382446;1,26821593599369
"1752";NA;NA;NA
"1753";0,914408204398487;0,918459510724535;1,3102879103552
"1754";1,05263397578064;0,586063044922692;1,29496327748283
"1755";NA;NA;NA
"1756";-0,164493947132718;-0,392969321753974;-0,245990302756808
"1757";NA;NA;NA
"1758";1,29006711115601;1,05743710382446;1,26821593599369
"1759";NA;NA;NA
"1760";-0,78417293231503;0,710563033523306;-0,243878677295355
"1761";-1,08525841739329;-1,1556925411385;-1,27154871817867
"1762";-0,568984304142575;0,314759656513571;-0,937900330120461
"1763";NA;NA;NA
"1764";NA;NA;NA
"1765";-0,591232820181341;-0,750896192784023;-0,626461160547575
"1766";-0,988954710086714;-0,889718059180679;-1,66542422389127
"1767";NA;NA;NA
"1768";NA;NA;NA
"1769";NA;NA;NA
"1770";0,527871612481414;1,15825258815083;1,34900323860833
"1771";-2,26670860281105;-1,3013650539234;-1,98882992571303
"1772";NA;NA;NA
"1773";NA;NA;NA
"1774";0,882310092223641;-1,49211433342915;0,304230216949295
"1775";NA;NA;NA
"1776";NA;NA;NA
"1777";NA;NA;NA
"1778";NA;NA;NA
"1779";0,998327356741514;-1,89663527099776;0,325024828805051
"1780";1,21568863555984;0,949491449617295;1,19685532324165
"1781";NA;NA;NA
"1782";NA;NA;NA
"1783";NA;NA;NA
"1784";NA;NA;NA
"1785";-1,37637259499334;-1,18522367466957;-0,370812497355319
"1786";NA;NA;NA
"1787";-1,6376300520917;-1,74845848616512;-0,770213922680644
"1788";-1,67690379721197;-0,708373067283219;0,115548099282274
"1789";NA;NA;NA
"1790";NA;NA;NA
"1791";0,704481708620829;0,236150945824932;0,923528999061531
"1792";NA;NA;NA
"1793";0,834228651469146;-0,277311406686992;1,12020332020509
"1794";NA;NA;NA
"1795";NA;NA;NA
"1796";NA;NA;NA
"1797";0,928471952415905;1,31106406416549;0,944475956267544
"1798";1,14856269307105;1,13638467126363;1,21659122441282
"1799";0,857382370762818;-0,298861802736856;-0,301100542468992
"1800";NA;NA;NA
"1801";NA;NA;NA
"1802";NA;NA;NA
"1803";0,769832852507262;0,335840741203476;-0,0361458265859481
"1804";NA;NA;NA
"1805";1,11837197324475;0,612225001529168;-0,204252050222065
"1806";-1,18574259736287;-1,2552759027909;-0,463234754707395
"1807";-0,164493947132718;-0,392969321753974;-0,245990302756808
"1808";NA;NA;NA
"1809";NA;NA;NA
"1810";0,366669099775636;0,75548409386174;0,41426582932627
"1811";0,497456351198453;0,82789788251687;0,940184764885208
"1812";1,11751194909907;1,04623486296101;1,33445605715184
"1813";0,72254539010201;1,06503566343269;0,659329719308447
"1814";NA;NA;NA
"1815";NA;NA;NA
"1816";1,07232696442163;0,435034302933664;1,15325958722615
"1817";0,983878419751884;0,416619663478325;1,06132440279651
"1818";NA;NA;NA
"1819";NA;NA;NA
"1820";-0,0477434443228593;-1,9940791806955;-1,32513691380747
"1821";0,375675733856802;-0,0888990929310542;-0,669792026475964
"1822";0,422101247320561;0,874333290239035;-0,506373997839364
"1823";1,29006711115601;1,05743710382446;1,26821593599369
"1824";1,1218890216037;0,9162313393662;1,10928415631669
"1825";NA;NA;NA
"1826";NA;NA;NA
"1827";0,00172806205141183;0,984528077725403;0,126187898113716
"1828";NA;NA;NA
"1829";NA;NA;NA
"1830";1,19626749719987;1,02417699357337;1,18064476906873
"1831";0,370697399904364;1,44029531191915;0,546483322840028
"1832";-1,3035555971071;-0,86090881353796;-0,832060399520945
"1833";NA;NA;NA
"1834";NA;NA;NA
"1835";NA;NA;NA
"1836";NA;NA;NA
"1837";NA;NA;NA
"1838";NA;NA;NA
"1839";NA;NA;NA
"1840";1,22202509571949;1,07423527123469;0,396316146026269
"1841";NA;NA;NA
"1842";NA;NA;NA
"1843";NA;NA;NA
"1844";NA;NA;NA
"1845";-0,897658657841278;-1,31940353039876;-1,23950217989128
"1846";NA;NA;NA
"1847";0,58353786548942;1,49406458295642;-0,400605223437359
"1848";NA;NA;NA
"1849";-0,49438973229927;-0,271905410092934;-0,883230521026426
"1850";0,989438405501;0,0851260606092545;1,03566231966229
"1851";-0,235823693947874;0,88082467814497;0,65922771340127
"1852";-1,02605822748337;-1,31074780470329;-2,54205267682472
"1853";-0,252775607866976;-0,497050126635663;-0,634498674375719
"1854";-0,180450526960964;-0,523582075726719;-0,487113434302718
"1855";NA;NA;NA
"1856";NA;NA;NA
"1857";1,14856269307105;1,13638467126363;1,21659122441282
"1858";1,18629978435874;0,43325982054739;1,17827400290139
"1859";NA;NA;NA
"1860";NA;NA;NA
"1861";NA;NA;NA
"1862";1,29006711115601;1,05743710382446;1,26821593599369
"1863";NA;NA;NA
"1864";NA;NA;NA
"1865";1,21683185787221;1,16801440008291;1,0433613619246
"1866";-0,671008560052744;-1,12198267876581;0,0348803814399506
"1867";NA;NA;NA
"1868";NA;NA;NA
"1869";-0,484470993800869;0,712806021165663;0,442412176330673
"1870";-0,135852520962732;-0,293714744584851;0,331434195957618
"1871";1,15953844617305;0,792968333802877;1,15355765258468
"1872";0,292104867186167;-3,034699247906;0,339670818232055
"1873";NA;NA;NA
"1874";1,29006711115601;1,05743710382446;1,26821593599369
"1875";NA;NA;NA
"1876";NA;NA;NA
"1877";NA;NA;NA
"1878";NA;NA;NA
"1879";-1,53585851489042;-1,1960912043781;-1,52871453139579
"1880";-0,620116787275777;-0,282199662780024;-2,5469725277979
"1881";NA;NA;NA
"1882";-0,164493947132718;-0,392969321753974;-0,245990302756808
"1883";NA;NA;NA
"1884";NA;NA;NA
"1885";NA;NA;NA
"1886";-0,644502248670073;-0,431798161001697;-1,42518802455859
"1887";NA;NA;NA
"1888";-0,754249203387499;-1,36096132159085;-0,408398623990686
"1889";1,29006711115601;1,05743710382446;1,26821593599369
"1890";NA;NA;NA
"1891";NA;NA;NA
"1892";NA;NA;NA
"1893";NA;NA;NA
"1894";0,699618280978828;-0,556857806304524;1,10178126077947
"1895";-0,633935786720354;-0,980302652788871;-0,892366147043316
"1896";NA;NA;NA
"1897";0,432842769723721;0,744463512930798;0,832155660498838
"1898";NA;NA;NA
"1899";NA;NA;NA
"1900";NA;NA;NA
"1901";NA;NA;NA
"1902";NA;NA;NA
"1903";NA;NA;NA
"1904";0,717163531591237;-0,550737484454611;-0,0684295294764481
"1905";-0,270867728613087;-1,0234144082566;-0,334597416776893
"1906";1,13331437881591;1,06833907438067;1,31519026687657
"1907";NA;NA;NA
"1908";NA;NA;NA
"1909";0,35681583404873;-0,191399837389413;0,512428183445235
"1910";-0,371945367593341;-1,17987698321249;1,06006002395904
"1911";-0,90084657050391;-1,76152486890582;-0,680106578589544
"1912";-0,998003835229921;-1,79116747905806;-0,443378503881314
"1913";-0,196912721186587;-0,590729855250317;0,992769486296646
"1914";1,29006711115601;1,05743710382446;1,26821593599369
"1915";0,655678109383528;1,18613396093993;1,2612774571884
"1916";1,29006711115601;1,05743710382446;1,26821593599369
"1917";-1,0387990303729;-0,545600748930899;-2,33819527390787
"1918";NA;NA;NA
"1919";NA;NA;NA
"1920";0,9704695201189;0,743714456711656;-0,284949605587653
"1921";NA;NA;NA
"1922";NA;NA;NA
"1923";NA;NA;NA
"1924";1,29956761343375;0,705210939993314;1,30008376907672
"1925";NA;NA;NA
"1926";1,01285044489979;0,818237618885646;1,19665387187611
"1927";NA;NA;NA
"1928";NA;NA;NA
"1929";1,14238339601096;0,785244054224399;0,857060195717887
"1930";1,27052583861558;-0,15504989839676;1,25851000374667
"1931";NA;NA;NA
"1932";0,833565556224794;0,901468343688903;0,743882192264969
"1933";1,2955850643779;0,986616409193869;0,967278731299742
"1934";0,808188009664574;1,2074244889042;-0,740860756484317
"1935";0,664466771884014;1,0514023221166;-0,227356707664444
"1936";-0,0685567011377545;-0,0623305930005922;0,00773172806947181
"1937";0,501896522817726;0,0310810829920551;-0,380250046954883
"1938";NA;NA;NA
"1939";NA;NA;NA
"1940";NA;NA;NA
"1941";-0,0351055895591552;0,479444408696452;-0,463649571344863
"1942";NA;NA;NA
"1943";NA;NA;NA
"1944";NA;NA;NA
"1945";NA;NA;NA
"1946";1,29006711115601;1,05743710382446;1,26821593599369
"1947";NA;NA;NA
"1948";NA;NA;NA
"1949";1,11412868797348;0,571487524959389;1,14830347216604
"1950";0,796898095939081;0,80779668616124;1,03249254968669
"1951";NA;NA;NA
"1952";-0,254411190022791;-1,35166653419491;-0,972733947329
"1953";NA;NA;NA
"1954";1,20932672670141;0,502345992252376;0,773552050735803
"1955";-0,67423718856669;0,514091595585228;0,460539802158083
"1956";-0,941937760062466;-0,360199434310568;-0,0666039576784212
"1957";0,342503526136108;1,32125040926084;0,645304764108036
"1958";NA;NA;NA
"1959";NA;NA;NA
"1960";NA;NA;NA
"1961";NA;NA;NA
"1962";NA;NA;NA
"1963";0,360338116744947;0,126222524130657;-0,253183691678153
"1964";-0,796305238070621;-1,3205004930173;-1,74610472179997
"1965";NA;NA;NA
"1966";NA;NA;NA
"1967";NA;NA;NA
"1968";NA;NA;NA
"1969";0,913955292536977;-0,0922176717943284;0,97212519122099
"1970";1,14856269307105;1,13638467126363;1,21659122441282
"1971";-0,671817650624162;-1,30407000305349;-1,79810665743953
"1972";NA;NA;NA
"1973";NA;NA;NA
"1974";-2,14332311452018;-3,04530662190177;-3,18882363264292
"1975";0,800030301683983;-0,559142805354636;-0,563958802866947
"1976";NA;NA;NA
"1977";-1,26936995737491;-3,23351340970333;-2,76977483108194
"1978";0,294956026187802;-2,91592269541532;-2,29904722940675
"1979";-1,63195682826281;-3,30646580893608;-2,76058115338787
"1980";-0,766545367686205;-3,07225834820138;-2,97765662783164
"1981";NA;NA;NA
"1982";NA;NA;NA
"1983";-1,51744983180147;-2,93205244570358;-2,08640726896594
"1984";NA;NA;NA
"1985";-0,767957149563546;-1,72261627505918;-1,27276636560361
"1986";NA;NA;NA
"1987";-1,16181360968226;-2,79622741825148;-0,672123116227527
"1988";0,352499122702107;0,881551744661483;-0,700701729671544
"1989";NA;NA;NA
"1990";NA;NA;NA
"1991";NA;NA;NA
"1992";NA;NA;NA
"1993";NA;NA;NA
"1994";NA;NA;NA
"1995";-0,784738604966609;-2,82325502637198;-0,516257320681744
"1996";0,503292556424829;-0,454304770364114;-0,261168982456209
"1997";-0,21208313501543;-0,533068085473198;0,414259967471977
"1998";1,04463000950439;0,298621750042118;1,26485681478473
"1999";1,30646166102839;0,346716972936615;1,33328642123197
"2000";NA;NA;NA
"2001";NA;NA;NA
"2002";NA;NA;NA
"2003";0,847452901828307;0,643669143275476;0,56486584038874
"2004";NA;NA;NA
"2005";0,438981120253561;-0,302770644270204;1,05570782702606
"2006";-0,117125059280689;-1,49243779712764;-1,022336858525
"2007";1,29006711115601;1,05743710382446;1,26821593599369
"2008";NA;NA;NA
"2009";1,29006711115601;1,05743710382446;1,26821593599369
"2010";NA;NA;NA
"2011";NA;NA;NA
"2012";NA;NA;NA
"2013";NA;NA;NA
"2014";NA;NA;NA
"2015";NA;NA;NA
"2016";NA;NA;NA
"2017";NA;NA;NA
"2018";NA;NA;NA
"2019";NA;NA;NA
"2020";NA;NA;NA
"2021";-2,47813864677133;-1,1513011544303;-0,597318673994885
"2022";NA;NA;NA
"2023";0,390769647728907;0,350809573809267;0,477336536559344
"2024";NA;NA;NA
"2025";NA;NA;NA
"2026";NA;NA;NA
"2027";NA;NA;NA
"2028";NA;NA;NA
"2029";1,29006711115601;1,05743710382446;1,26821593599369
"2030";NA;NA;NA
"2031";NA;NA;NA
"2032";NA;NA;NA
"2033";NA;NA;NA
"2034";NA;NA;NA
"2035";0,856819850549355;-1,30706001278516;0,11523179884269
"2036";NA;NA;NA
"2037";NA;NA;NA
"2038";NA;NA;NA
"2039";NA;NA;NA
"2040";NA;NA;NA
"2041";NA;NA;NA
"2042";0,848380687711523;0,721900310413383;1,03790256623798
"2043";0,917217144249637;0,420604902643784;0,829495425468008
"2044";1,29006711115601;1,05743710382446;1,26821593599369
"2045";NA;NA;NA
"2046";-1,17499238644976;-0,895613918625141;0,568904540384378
"2047";NA;NA;NA
"2048";NA;NA;NA
"2049";NA;NA;NA
"2050";0,807632768994376;1,14420519388213;-0,692995675754603
"2051";-2,64753143139444;-3,35388095503287;-1,38531616609006
"2052";NA;NA;NA
"2053";NA;NA;NA
"2054";-0,0588568174145555;-0,530362579570884;-0,369210878986449
"2055";NA;NA;NA
"2056";1,02229368457807;1,19196320727127;0,728957945047472
"2057";NA;NA;NA
"2058";NA;NA;NA
"2059";-1,44610308406983;-0,978238088865497;-1,35587428841884
"2060";NA;NA;NA
"2061";-1,24844883417574;-0,571182407563244;-1,86907294422617
"2062";-0,149040381316692;-0,444000281211388;0,730585121693821
"2063";-0,125604593653882;-0,228963856515218;-0,195541149333513
"2064";NA;NA;NA
"2065";NA;NA;NA
"2066";NA;NA;NA
"2067";1,30601496073291;-0,211109709428347;1,27942146307541
"2068";1,29006711115601;1,05743710382446;1,26821593599369
"2069";NA;NA;NA
"2070";0,778895754485064;0,822421873695297;0,613395524055596
"2071";1,29006711115601;1,05743710382446;1,26821593599369
"2072";1,29006711115601;1,05743710382446;1,26821593599369
"2073";0,502638921254389;1,10148924707315;0,0535137071716461
"2074";1,29006711115601;1,05743710382446;1,26821593599369
"2075";0,618701339486029;0,409325959344947;0,840037133408683
"2076";0,630174048615855;-0,764571663378522;1,14280477926209
"2077";0,703162706413419;-0,212990496272983;-0,128221986524167
"2078";-0,0173684940213548;0,038991439275818;0,691749443785785
"2079";NA;NA;NA
"2080";NA;NA;NA
"2081";NA;NA;NA
"2082";NA;NA;NA
"2083";NA;NA;NA
"2084";0,23516304558515;0,356728439097629;0,475755326678936
"2085";NA;NA;NA
"2086";-1,64794859296437;-1,78581652919842;-1,07197390334577
"2087";NA;NA;NA
"2088";NA;NA;NA
"2089";NA;NA;NA
"2090";-0,89240806873491;-0,596176013513803;-0,977879201411414
"2091";NA;NA;NA
"2092";NA;NA;NA
"2093";NA;NA;NA
"2094";-0,0107061981692679;0,326555032067513;1,30692365803475
"2095";1,29006711115601;1,05743710382446;1,26821593599369
"2096";NA;NA;NA
"2097";0,663554763100568;0,37550360672032;-0,742037900959301
"2098";1,0993347880227;1,04565365473027;1,07953931098755
"2099";0,858679686695216;1,07649564112259;0,944707449986399
"2100";NA;NA;NA
"2101";NA;NA;NA
"2102";0,216413181033277;1,27341672767125;0,325706155792343
"2103";1,12203507358815;1,04260199118106;1,28735749647142
"2104";NA;NA;NA
"2105";-1,21267678248895;-1,65914794369529;-1,70037252071433
"2106";NA;NA;NA
"2107";-0,369099502242974;-1,7873117326186;-1,5474308618309
"2108";0,498618010061647;-0,325480364474448;-0,470635606997398
"2109";1,24083920610766;0,966706087291108;1,13116402256842
"2110";-0,517500804587477;-0,463983400571471;0,389003761205295
"2111";NA;NA;NA
"2112";NA;NA;NA
"2113";NA;NA;NA
"2114";NA;NA;NA
"2115";NA;NA;NA
"2116";0,817029295428512;0,200294471560662;1,27997578097517
"2117";0,862697460100342;1,08773216382748;0,934851581873356
"2118";1,26356097542974;1,09622102365622;0,934670958638827
"2119";NA;NA;NA
"2120";0,892659277488419;1,09918106077299;1,18035840587541
"2121";-0,899010983426503;-1,85168649765519;-1,00285255285469
"2122";1,29006711115601;1,05743710382446;1,26821593599369
"2123";NA;NA;NA
"2124";NA;NA;NA
"2125";-1,14956588976521;-0,639002728457114;-1,32271766903694
"2126";1,29006711115601;1,05743710382446;1,26821593599369
"2127";NA;NA;NA
"2128";-0,95512743885571;-0,44890056204246;-0,230553926336054
"2129";0,0247824168433538;-0,36771454423066;-0,290962898725699
"2130";NA;NA;NA
"2131";NA;NA;NA
"2132";0,331852917115142;-0,337800320218477;1,27919474083796
"2133";-0,706881184535033;-0,492706441793068;1,11557360860063
"2134";NA;NA;NA
"2135";NA;NA;NA
"2136";-0,0463175459967403;-0,119098750971326;-0,271937951435221
"2137";NA;NA;NA
"2138";NA;NA;NA
"2139";0,172079051723913;0,565710225401964;1,09859790182094
"2140";NA;NA;NA
"2141";-0,640657328901113;-0,329167495417808;-0,180036544791974
"2142";-0,969460560560205;-1,36331981666318;-0,849942430271563
"2143";0,752680061126253;0,985090417499196;-0,350170804569157
"2144";1,29006711115601;1,05743710382446;1,26821593599369
"2145";0,0225047771864355;1,17739174932241;0,908801927287765
"2146";0,908563367489435;0,720489178979881;-0,116967246490415
"2147";0,588678922280593;1,37892784973933;0,401470762956996
"2148";0,872841937795904;0,898547569888421;-0,195158386238577
"2149";NA;NA;NA
"2150";0,843833148850984;1,16037024056751;-0,750505296833457
"2151";1,29006711115601;1,05743710382446;1,26821593599369
"2152";NA;NA;NA
"2153";0,389559700663352;1,43175558855318;0,8049937145684
"2154";-2,16970316378841;-0,938464999304833;-2,05910687816731
"2155";NA;NA;NA
"2156";NA;NA;NA
"2157";NA;NA;NA
"2158";1,20316154479452;0,66568302651667;1,21384742122397
"2159";-2,814481445686;-2,71660438675225;-1,8141872477741
"2160";0,926931987412514;0,687114823781519;1,22407277562669
"2161";1,29006711115601;1,05743710382446;1,26821593599369
"2162";-0,956866571746994;-0,65484384241582;0,627941582305845
"2163";NA;NA;NA
"2164";1,29006711115601;1,05743710382446;1,26821593599369
"2165";NA;NA;NA
"2166";1,29006711115601;1,05743710382446;1,26821593599369
"2167";0,851232879550941;0,495741893911344;0,884989822385068
"2168";1,29006711115601;1,05743710382446;1,26821593599369
"2169";-0,156639676656185;-0,789508920064502;-0,101114473247603
"2170";NA;NA;NA
"2171";-0,138736348613102;-0,342911044092656;-1,03031892579926
"2172";1,29006711115601;1,05743710382446;1,26821593599369
"2173";1,29006711115601;1,05743710382446;1,26821593599369
"2174";0,420043424510476;1,47643215400462;0,270386104320172
"2175";0,468930760033167;0,901213870645903;0,814096448047801
"2176";0,297041091307082;-1,17775394993278;0,0400160077365633
"2177";NA;NA;NA
"2178";NA;NA;NA
"2179";-0,988859982066421;-0,792608202818841;-1,48907775739163
"2180";1,20557704970594;0,277555238561207;0,928380831125067
"2181";NA;NA;NA
"2182";NA;NA;NA
"2183";NA;NA;NA
"2184";0,804140264946298;0,543049374378872;0,991817430319364
"2185";0,296629317152951;0,860125691862814;0,811332773577417
"2186";NA;NA;NA
"2187";0,504085205365662;0,948764564210358;0,806508951208631
"2188";NA;NA;NA
"2189";0,204599651817479;0,138294687807351;-0,00940154082854956
"2190";1,29006711115601;1,05743710382446;1,26821593599369
"2191";1,04941200982853;1,08827909021678;1,13338407499253
"2192";NA;NA;NA
"2193";NA;NA;NA
"2194";-0,241974106582622;0,10645268325519;1,18080587603149
"2195";NA;NA;NA
"2196";1,29006711115601;1,05743710382446;1,26821593599369
"2197";NA;NA;NA
"2198";NA;NA;NA
"2199";NA;NA;NA
"2200";0,215938561808723;-0,467731726847182;0,669479315473368
"2201";1,23715443835862;-0,38987605826611;0,907123645629423
"2202";0,880170518105957;-0,0196044306083252;1,03112352024256
"2203";0,723119318769606;0,968732679508517;1,26381294662667
"2204";NA;NA;NA
"2205";NA;NA;NA
"2206";NA;NA;NA
"2207";1,34490431421175;-0,0471042441895915;1,3298706164987
"2208";-1,32640925380703;-0,341976015843803;-0,0282460602559971
"2209";NA;NA;NA
"2210";NA;NA;NA
"2211";1,19032572214593;1,20679831991467;0,709816384569742
"2212";1,11751194909907;1,04623486296101;1,33445605715184
"2213";1,29006711115601;1,05743710382446;1,26821593599369
"2214";1,00403499424981;1,09445076181466;1,2830494806435
"2215";1,08314572010932;0,878596525942305;1,23690834304812
"2216";-0,864581443752782;0,863361925491944;0,435986011541119
"2217";1,14856269307105;1,13638467126363;1,21659122441282
"2218";NA;NA;NA
"2219";-0,981121172803431;0,648198668330976;1,11514182603223
"2220";NA;NA;NA
"2221";NA;NA;NA
"2222";1,0070582749861;1,2153322387028;1,16496651283195
"2223";NA;NA;NA
"2224";0,0891256635682132;0,323557136012134;-1,01643235510231
"2225";NA;NA;NA
"2226";NA;NA;NA
"2227";NA;NA;NA
"2228";1,14856269307105;1,13638467126363;1,21659122441282
"2229";-1,67902387190768;0,153544890358832;-0,776537877046786
"2230";NA;NA;NA
"2231";0,96281785222087;1,03648130266828;1,11888137691333
"2232";1,29006711115601;1,05743710382446;1,26821593599369
"2233";-0,700411804797084;-0,90869839893913;-0,429457689350973
"2234";-1,29239351975247;-0,628004102388913;-0,182028274518263
"2235";NA;NA;NA
"2236";1,13525479888574;-0,533087532439754;-0,780706124705258
"2237";NA;NA;NA
"2238";0,963123767610785;1,0026612562297;1,06481092750214
"2239";-0,0649204195671789;-0,572678555845229;-0,592558347080866
"2240";1,29006711115601;1,05743710382446;1,26821593599369
"2241";1,13331437881591;1,06833907438067;1,31519026687657
"2242";1,29006711115601;1,05743710382446;1,26821593599369
"2243";NA;NA;NA
"2244";NA;NA;NA
"2245";NA;NA;NA
"2246";NA;NA;NA
"2247";NA;NA;NA
"2248";-0,563583048193668;-0,003123327719217;-0,459758801488288
"2249";NA;NA;NA
"2250";NA;NA;NA
"2251";NA;NA;NA
"2252";0,252877743614088;1,21296497838124;0,684233716411992
"2253";0,344581587252839;0,397445894405664;0,377649530539712
"2254";NA;NA;NA
"2255";-1,46820853460339;-1,99020142766583;-0,37583076986422
"2256";-0,659461802915526;-0,357619243691681;-1,2111424726285
"2257";-1,05614196406912;0,286211433676695;-1,85576588925457
"2258";1,10485274124458;0,97483296009968;0,778602106293606
"2259";NA;NA;NA
"2260";0,0820032932312176;-0,481086731787513;-0,795243525841269
"2261";NA;NA;NA
"2262";NA;NA;NA
"2263";NA;NA;NA
"2264";NA;NA;NA
"2265";NA;NA;NA
"2266";NA;NA;NA
"2267";0,93786067249614;0,760867925590064;0,794824371540386
"2268";NA;NA;NA
"2269";-0,585206884323119;-1,04384490303422;0,903754057629372
"2270";NA;NA;NA
"2271";NA;NA;NA
"2272";NA;NA;NA
"2273";NA;NA;NA
"2274";0,67239931130266;1,2001864975998;1,28254498237765
"2275";NA;NA;NA
"2276";NA;NA;NA
"2277";NA;NA;NA
"2278";1,29006711115601;1,05743710382446;1,26821593599369
"2279";NA;NA;NA
"2280";NA;NA;NA
"2281";NA;NA;NA
"2282";NA;NA;NA
"2283";0,0712213582791841;-0,350119275060826;1,13472375624328
"2284";-1,41180701833799;0,536166818050517;0,159219802681911
"2285";NA;NA;NA
"2286";1,29696115875065;0,698943136767765;1,30141858814894
"2287";-1,49813965106721;-0,202167368504881;-0,343259596505676
"2288";0,353222943504133;1,05080189195015;-0,0991374835454203
"2289";NA;NA;NA
"2290";NA;NA;NA
"2291";NA;NA;NA
"2292";0,242237515658945;-0,215792764991807;0,421803404790717
"2293";NA;NA;NA
"2294";0,351878027502686;1,00227785656596;-0,92237585276405
"2295";NA;NA;NA
"2296";NA;NA;NA
"2297";NA;NA;NA
"2298";NA;NA;NA
"2299";0,501593168236415;0,0299254387575394;0,391079735674943
"2300";NA;NA;NA
"2301";NA;NA;NA
"2302";NA;NA;NA
"2303";NA;NA;NA
"2304";NA;NA;NA
"2305";-0,823047783284787;0,631323333600873;0,542466743583653
"2306";0,643049857759628;-0,375025999636793;0,235341798781857
"2307";NA;NA;NA
"2308";NA;NA;NA
"2309";1,02776167973046;0,568117633640402;0,0886711216312007
"2310";-0,252906977062131;-0,374299990078605;-0,131462827079423
"2311";0,354157285444003;0,830465292981414;0,128615718824404
"2312";NA;NA;NA
"2313";-1,78257516589756;-1,62139234498943;-0,681357418504352
"2314";NA;NA;NA
"2315";NA;NA;NA
"2316";NA;NA;NA
"2317";NA;NA;NA
"2318";NA;NA;NA
"2319";NA;NA;NA
"2320";1,10393666829685;0,804737905863569;-0,113033584844984
"2321";NA;NA;NA
"2322";NA;NA;NA
"2323";NA;NA;NA
"2324";0,246686162707775;1,12217164759607;-0,732489384237909
"2325";1,02923262995993;1,10149417958073;0,868219028074677
"2326";NA;NA;NA
"2327";NA;NA;NA
"2328";NA;NA;NA
"2329";NA;NA;NA
"2330";1,11670548805839;1,16032312029963;0,887410264562636
"2331";NA;NA;NA
"2332";NA;NA;NA
"2333";NA;NA;NA
"2334";NA;NA;NA
"2335";NA;NA;NA
"2336";NA;NA;NA
"2337";NA;NA;NA
"2338";NA;NA;NA
"2339";NA;NA;NA
"2340";NA;NA;NA
"2341";NA;NA;NA
"2342";NA;NA;NA
"2343";NA;NA;NA
"2344";NA;NA;NA
"2345";NA;NA;NA
"2346";NA;NA;NA
"2347";NA;NA;NA
"2348";1,29006711115601;1,05743710382446;1,26821593599369
"2349";-3,08683023874846;-2,00216603536712;-2,29043412481133
"2350";-0,529741757936654;-0,586434544073568;1,14282053029871
"2351";-0,503082483998595;-0,928172561524373;-0,97380910617923
"2352";NA;NA;NA
"2353";NA;NA;NA
"2354";-0,443865895833972;-0,275959228139283;-0,697278446710244
"2355";0,32253653009352;0,9646765846253;1,09978194355516
"2356";0,952920607252111;0,983281176581082;1,2131164018724
"2357";NA;NA;NA
"2358";NA;NA;NA
"2359";-0,603874202799722;-0,264158190402972;-0,348018082724633
"2360";NA;NA;NA
"2361";NA;NA;NA
"2362";-1,01309664718361;-0,346120301456512;0,527737125923956
"2363";NA;NA;NA
"2364";NA;NA;NA
"2365";NA;NA;NA
"2366";NA;NA;NA
"2367";NA;NA;NA
"2368";NA;NA;NA
"2369";NA;NA;NA
"2370";NA;NA;NA
"2371";NA;NA;NA
"2372";0,638073352242317;0,653748712698516;-0,65523184834882
"2373";NA;NA;NA
"2374";NA;NA;NA
"2375";-0,764752726227626;0,224395610648382;0,647058758986608
"2376";NA;NA;NA
"2377";0,182078883458137;1,43398375991152;1,00599746860692
"2378";NA;NA;NA
"2379";NA;NA;NA
"2380";NA;NA;NA
"2381";NA;NA;NA
"2382";-1,41321978789306;-0,472895676682793;-1,7005902763219
"2383";NA;NA;NA
"2384";NA;NA;NA
"2385";NA;NA;NA
"2386";1,29006711115601;1,05743710382446;1,26821593599369
"2387";NA;NA;NA
"2388";-1,75502339665057;-0,459036524209835;-0,743391482476597
"2389";NA;NA;NA
"2390";0,578374648785148;0,722521586182619;0,588200600275265
"2391";NA;NA;NA
"2392";NA;NA;NA
"2393";0,203801944532228;1,00988492396836;0,588374236850405
"2394";0,671483238354923;1,03009144336368;0,390909291239065
"2395";0,533849587128317;0,629663566858018;0,490570199624986
"2396";NA;NA;NA
"2397";NA;NA;NA
"2398";NA;NA;NA
"2399";-0,915336938200447;-0,37266898518301;-0,834225198971119
"2400";NA;NA;NA
"2401";NA;NA;NA
"2402";NA;NA;NA
"2403";NA;NA;NA
"2404";NA;NA;NA
"2405";0,490384452405263;0,0292609562560754;1,2281853472772
"2406";NA;NA;NA
"2407";NA;NA;NA
"2408";NA;NA;NA
"2409";NA;NA;NA
"2410";1,27474999559622;0,320107426789572;0,0599246471526665
"2411";-2,49363875507504;-2,43287021560147;-0,819927555972492
"2412";0,454469978028368;0,700238134078506;1,02293303092659
"2413";0,935239724637006;0,514498356647214;0,574244747581272
"2414";NA;NA;NA
"2415";NA;NA;NA
"2416";1,31582470967563;1,10749538148578;0,483887312951232
"2417";NA;NA;NA
"2418";NA;NA;NA
"2419";NA;NA;NA
"2420";NA;NA;NA
"2421";NA;NA;NA
"2422";NA;NA;NA
"2423";NA;NA;NA
"2424";-0,151330603922409;0,114017838287836;0,196476608038687
"2425";NA;NA;NA
"2426";NA;NA;NA
"2427";NA;NA;NA
"2428";1,01677971218009;0,737831974817287;0,928475733129431
"2429";0,676813810330118;0,767715695984261;0,39053922141014
"2430";NA;NA;NA
"2431";NA;NA;NA
"2432";NA;NA;NA
"2433";NA;NA;NA
"2434";NA;NA;NA
"2435";NA;NA;NA
"2436";NA;NA;NA
"2437";NA;NA;NA
"2438";1,14321162378467;1,12153920046787;1,2209552419175
"2439";NA;NA;NA
"2440";NA;NA;NA
"2441";1,21834440250121;0,091980491164505;1,1457853543834
"2442";NA;NA;NA
"2443";NA;NA;NA
"2444";NA;NA;NA
"2445";NA;NA;NA
"2446";NA;NA;NA
"2447";NA;NA;NA
"2448";NA;NA;NA
"2449";NA;NA;NA
"2450";NA;NA;NA
"2451";0,543344908826948;-0,383477443306456;-0,58957431103675
"2452";NA;NA;NA
"2453";NA;NA;NA
"2454";NA;NA;NA
"2455";NA;NA;NA
"2456";NA;NA;NA
"2457";NA;NA;NA
"2458";NA;NA;NA
"2459";NA;NA;NA
"2460";NA;NA;NA
"2461";0,447601857669431;0,586008581339735;-0,185417830264317
"2462";NA;NA;NA
"2463";-1,39152724977677;-1,79877314099224;-1,31945873643322
"2464";NA;NA;NA
"2465";-2,04877040319885;-1,45692800148495;-1,41881843085388
"2466";NA;NA;NA
"2467";NA;NA;NA
"2468";NA;NA;NA
"2469";NA;NA;NA
"2470";1,23702488721723;-0,47634678891078;0,677592539430553
"2471";1,26656632605311;-1,27409464940801;0,78896135440544
"2472";NA;NA;NA
"2473";NA;NA;NA
"2474";NA;NA;NA
"2475";-1,31247099104592;-1,288806012831;0,903367217197719
"2476";NA;NA;NA
"2477";NA;NA;NA
"2478";NA;NA;NA
"2479";0,743033026955636;1,17734064913157;0,792695659356863
"2480";NA;NA;NA
"2481";NA;NA;NA
"2482";NA;NA;NA
"2483";NA;NA;NA
"2484";NA;NA;NA
"2485";0,214424807906672;1,39912141063799;-1,10769062983537
"2486";NA;NA;NA
"2487";-0,0300657068705801;-0,842524330791919;0,831044987464779
"2488";0,640172984098484;0,431578990166097;0,491926231821437
"2489";0,679104172357388;0,964146967912607;1,17109203184937
"2490";NA;NA;NA
"2491";NA;NA;NA
"2492";NA;NA;NA
"2493";NA;NA;NA
"2494";0,329790179042366;-0,449330706605152;0,215769997317596
"2495";NA;NA;NA
"2496";NA;NA;NA
"2497";-0,385258513820334;-0,100822669998803;-0,29956426622552
"2498";NA;NA;NA
"2499";0,00138416851459971;0,902629227580269;1,08225989256935
"2500";NA;NA;NA
"2501";-0,833817193283262;-0,912805312127667;-1,44314673122441
"2502";NA;NA;NA
"2503";NA;NA;NA
"2504";0,62207833872172;-0,253174345548784;-0,440296420974824
"2505";NA;NA;NA
"2506";NA;NA;NA
"2507";NA;NA;NA
"2508";1,29006711115601;1,05743710382446;1,26821593599369
"2509";-2,95722456377311;-3,15471513522835;-1,73682517453772
"2510";NA;NA;NA
"2511";NA;NA;NA
"2512";-0,371312836108218;-0,995121981315036;-0,864735223021259
"2513";NA;NA;NA
"2514";0,61029677049534;0,254939949484328;0,942940388221243
"2515";NA;NA;NA
"2516";NA;NA;NA
"2517";-2,59260404357835;-2,78815427645638;-2,88119872960366
"2518";-1,00489353709021;-2,31772735720021;-3,55597338964939
"2519";-2,60687405934601;-3,55064223612196;-2,13231193592894
"2520";NA;NA;NA
"2521";NA;NA;NA
"2522";-0,321641104560294;-1,05940255230391;0,134265011610466
"2523";NA;NA;NA
"2524";NA;NA;NA
"2525";0,581108863699337;1,17285836369404;0,222494637666041
"2526";NA;NA;NA
"2527";NA;NA;NA
"2528";NA;NA;NA
"2529";NA;NA;NA
"2530";NA;NA;NA
"2531";NA;NA;NA
"2532";-1,9525610577261;-1,68488646049022;-0,248105836159275
"2533";NA;NA;NA
"2534";NA;NA;NA
"2535";NA;NA;NA
"2536";NA;NA;NA
"2537";-1,45053638699306;-0,00366498685200209;-1,62032673699499
"2538";NA;NA;NA
"2539";0,816523482698856;0,745838759449388;0,708721606387797
"2540";0,706615480018022;0,394145771005727;1,07626921090883
"2541";0,721384532792475;0,85489940796285;0,741375776647544
"2542";-1,3835002587021;-0,443443298927835;0,367015566559135
"2543";1,04177790832444;0,994287766259416;0,863859166371706
"2544";NA;NA;NA
"2545";0,179592341437103;-0,115528012820999;-0,854104633977423
"2546";-1,09775731257272;-0,227532291367216;0,441774119448424
"2547";0,714425808376634;0,946919968441661;1,1016465778105
"2548";NA;NA;NA
"2549";NA;NA;NA
"2550";0,322199540144457;0,242642253033388;0,821570196180708
"2551";NA;NA;NA
"2552";NA;NA;NA
"2553";1,29006711115601;1,05743710382446;1,26821593599369
"2554";NA;NA;NA
"2555";0,590409375564265;1,066813082686;-0,00225926899233018
"2556";NA;NA;NA
"2557";-2,0072172836941;0,349743726046615;0,834899079553699
"2558";NA;NA;NA
"2559";-0,62780764231103;-0,451807128586405;0,159563640027025
"2560";NA;NA;NA
"2561";NA;NA;NA
"2562";0,798054408829353;-0,389557464419628;0,829997123945437
"2563";NA;NA;NA
"2564";1,29006711115601;1,05743710382446;1,26821593599369
"2565";NA;NA;NA
"2566";NA;NA;NA
"2567";1,32134266289751;1,03667468685519;0,182950108257284
"2568";NA;NA;NA
"2569";NA;NA;NA
"2570";0,689870445448106;0,928216934561597;0,60349095788771
"2571";NA;NA;NA
"2572";NA;NA;NA
"2573";-0,703856010811717;-1,50897498009803;0,2450487495482
"2574";0,413672443061831;1,2159024623529;-0,502410162456135
"2575";0,549430976207423;-0,263961231258618;0,0853036752667337
"2576";NA;NA;NA
"2577";NA;NA;NA
"2578";0,483512356907485;-0,262169847904246;0,297196318619204
"2579";NA;NA;NA
