;factor1
1;3,3333333333
2;1,7777777778
3;3,1666666667
4;1,5555555556
5;2,8888888889
6;2,75
7;1,25
8;4
9;2,4444444444
10;3,75
11;3,375
12;2,7142857143
13;2,5714285714
14;2,5555555556
15;2,4285714286
16;3,375
17;3,75
18;2,25
19;2,8888888889
20;3,1111111111
21;4
22;3,75
23;3,4444444444
24;1,8888888889
25;1,5
26;2,8888888889
27;2,5
28;3,25
29;2,6666666667
30;3,2
31;3,5555555556
32;3,5555555556
33;3,7777777778
34;3,125
35;2,875
36;3
37;2,5714285714
38;2,6666666667
39;2,8888888889
40;3,2857142857
41;3,7777777778
42;3,4285714286
43;3,2857142857
44;3,4444444444
45;3,3333333333
46;2,6666666667
47;2,1111111111
48;3,625
49;2,4444444444
50;2,8888888889
51;3,4444444444
52;2,3333333333
53;3,1428571429
54;1,75
55;2,6666666667
56;2,8571428571
57;3,2857142857
58;3,8888888889
59;3,5555555556
60;2,8333333333
61;2,8888888889
62;4
63;2,625
64;2,8333333333
65;3,6666666667
66;3,1428571429
67;2,125
68;2,1111111111
69;3,1111111111
70;3,2
71;3
72;3,3333333333
73;3,375
74;2,25
75;3,6666666667
76;2,5714285714
77;2,7777777778
78;3,2857142857
79;3,5714285714
80;4
81;3,7777777778
82;3,2222222222
83;1,8888888889
84;3,2222222222
85;1,5555555556
86;2,2857142857
87;3,7142857143
88;2,5
89;3,1111111111
90;3,75
91;2,6666666667
92;3,5
93;3,25
94;1
95;3,6666666667
96;2,3333333333
97;3,25
98;2,875
99;1,4444444444
100;3,7777777778
101;3
102;3,5
103;3,2222222222
104;2,125
105;2,8571428571
106;2,8571428571
107;1,8888888889
108;1
109;2,5
110;3,3333333333
111;4
112;2,8888888889
113;2,2222222222
114;3,6666666667
115;3,3333333333
116;3,6666666667
117;3,2222222222
118;2,75
119;2,5
120;2,7777777778
121;1,8333333333
122;2,3333333333
123;1,1111111111
124;1,4285714286
125;2,625
126;2,2857142857
127;1,875
128;2,5555555556
129;1,8571428571
130;3
131;3,375
132;2
133;3
134;2,3333333333
135;1,125
136;3,5
137;3
138;2,7777777778
139;3,7777777778
140;1,8571428571
141;2,6666666667
142;2,125
143;2,125
144;2
145;1,875
146;2,375
147;3,2222222222
148;3,8888888889
149;4
150;3,8333333333
151;4
152;4
153;4
154;4
155;3,8888888889
156;2,5
157;2,6666666667
158;3,5555555556
159;3,125
160;3,5555555556
161;4
162;3
163;3,6666666667
164;1,75
165;3,75
166;2,875
167;3,75
168;3,2857142857
169;3,5555555556
170;3
171;2,4444444444
172;3,4444444444
173;3,25
174;3,625
175;2,75
176;2,1666666667
177;2,375
178;3,7777777778
179;2,5
180;3,375
181;3,7777777778
182;3,375
183;2,75
184;2,8
185;3,5
186;3,6666666667
187;4
188;3,3333333333
189;3,3333333333
190;3,1666666667
191;2,5714285714
192;4
193;3,6666666667
194;3,8888888889
195;3,8888888889
196;4
197;3,2222222222
198;1,875
199;2,125
200;3,7777777778
201;2,75
202;4
203;3,6
204;2,5555555556
205;2,6666666667
206;3,5555555556
207;3
208;3,625
209;3,4
210;3
211;4
212;3,5555555556
213;3,5
214;3
215;3,4444444444
216;3,2222222222
217;3,2222222222
218;1,7142857143
219;3,6666666667
220;2,875
221;4
222;3,3333333333
223;3,1111111111
224;3,125
225;3,2857142857
226;3,25
227;2,8888888889
228;3,2222222222
229;3,2222222222
230;3,2
231;2,6666666667
232;3,625
233;3,625
234;3,625
235;2,2222222222
236;2,3333333333
237;3,5
238;3,6666666667
239;3,2222222222
240;3,125
241;3,8888888889
242;4
243;3
244;2,3333333333
245;3,8888888889
246;2,8888888889
247;2,5555555556
248;3,8888888889
249;2,7142857143
250;3,7777777778
251;3,4444444444
252;2,3333333333
253;3,7777777778
254;3
255;3,6666666667
256;2,5555555556
257;2,8888888889
258;1,4444444444
259;3,6666666667
260;3,125
261;3,5555555556
262;2,8888888889
263;4
264;1,625
265;3,25
266;4
267;2,5555555556
268;3,1111111111
269;3,1111111111
270;3,4285714286
271;3,5
272;3,625
273;2,1428571429
274;2,4444444444
275;2,875
276;1,3333333333
277;3,2222222222
278;3,3333333333
279;3,1666666667
280;2,5
281;2,5
282;3,6666666667
283;1,8888888889
284;3,625
285;2,1111111111
286;3,2222222222
287;1,5555555556
288;4
289;4
290;2,75
291;2,8333333333
292;3,2222222222
293;3
294;1,4444444444
295;3,7777777778
296;4
297;4
298;3,75
299;3,4285714286
300;3,4444444444
301;2,7777777778
302;4
303;3,5714285714
304;4
305;2,2222222222
306;3,1428571429
307;3,6666666667
308;3,2222222222
309;3,3333333333
310;3,4444444444
311;2,8571428571
312;2,1111111111
313;2,7142857143
314;3,1111111111
315;4
316;3,75
317;3,7777777778
318;2,3333333333
319;2,375
320;1,875
321;1,7142857143
322;3,7777777778
323;3,2857142857
324;3,2222222222
325;3,3333333333
326;2,6666666667
327;3,4285714286
328;2,2222222222
329;2,125
330;3,5
331;3,375
332;3,5
333;3,375
334;3,3333333333
335;2,3333333333
336;2,6666666667
337;4
338;2
339;2,875
340;1,2222222222
341;3,5
342;4
343;3,5
344;3
345;2,6666666667
346;2,5
347;3,75
348;2,7142857143
349;3,8888888889
350;1,7777777778
351;2,4444444444
352;2,7142857143
353;2,7777777778
354;3,5555555556
355;3,8333333333
356;2,7142857143
357;3,375
358;2,7142857143
359;3,75
360;1,8888888889
361;3,6666666667
362;2,875
363;2,8571428571
364;2,7777777778
365;4
366;1,4444444444
367;2,8888888889
368;2,7777777778
369;3,3333333333
370;3,875
371;3,25
372;3
373;1,6666666667
374;2,4444444444
375;3,6666666667
376;2,8571428571
377;3,1428571429
378;3,1111111111
379;2,7777777778
380;4
381;3,5555555556
382;3,75
383;1,25
384;3,3333333333
385;3
386;3,125
387;3,7777777778
388;3,1111111111
389;1,3333333333
390;3
391;3,6666666667
392;1,375
393;2,375
394;2,4444444444
395;2,6666666667
396;2,8888888889
397;3,1111111111
398;3,875
399;2,8888888889
400;2,5555555556
401;2,6666666667
402;3,2222222222
403;3,5714285714
404;3,3333333333
405;1,8888888889
406;3,3333333333
407;3,6666666667
408;3,4444444444
409;3,125
410;2,7777777778
411;3,5555555556
412;3,3333333333
413;3,5555555556
414;2,6666666667
415;2,125
416;1,8888888889
417;3,2857142857
418;2,4285714286
419;2,875
420;3,2222222222
421;3,7777777778
422;3,6
423;2,7777777778
424;4
425;2,25
426;3
427;3,2222222222
428;3,8888888889
429;3,6666666667
430;2,8571428571
431;3,7142857143
432;3,125
433;4
434;4
435;2,2222222222
436;2,3333333333
437;3,3333333333
438;2,6666666667
439;3
440;3,375
441;3,1428571429
442;2,8888888889
443;3,3333333333
444;3
445;3,1666666667
446;3,2857142857
447;1
448;1,4444444444
449;2,8888888889
450;3,75
451;3,875
452;2,3333333333
453;3,5714285714
454;1,875
455;3
456;1,7777777778
457;3,5714285714
458;2,4444444444
459;2,5555555556
460;4
461;2,625
462;3,3333333333
463;4
464;1,8888888889
465;2,5714285714
466;3
467;2,875
468;1,625
469;3,7142857143
470;3,6666666667
471;3,7777777778
472;3,4444444444
473;3,4285714286
474;2,625
475;3,2222222222
476;2,8888888889
477;2,2222222222
478;2,7777777778
479;2,8888888889
480;2,8888888889
481;2,6
482;1,25
483;2
484;3,375
485;3
486;2,5555555556
487;3,2857142857
488;2,2222222222
489;1,25
490;2,6666666667
491;1,2222222222
492;2,5
493;2,5
494;3,25
495;2,5555555556
496;2,8888888889
497;3,75
498;2,25
499;3,7142857143
500;2,3333333333
501;3,5
502;2,4444444444
503;3,6666666667
504;2
505;3,5714285714
506;3,3333333333
507;1,8571428571
508;2
509;3,125
510;2,375
511;2,7777777778
512;3,1111111111
513;3,7777777778
514;4
515;2,7777777778
516;4
517;4
518;2,1111111111
519;2,6666666667
520;4
521;3,4285714286
522;2,375
523;3,125
524;3
525;3
526;4
527;3
528;2,5714285714
529;4
530;3,6666666667
531;3,2222222222
532;2,25
533;1,2222222222
534;1,4444444444
535;3
536;3,25
537;3,625
538;3,7777777778
539;3,3333333333
540;2,3333333333
541;2,375
542;2,8571428571
543;1,5555555556
544;3
545;2,4285714286
546;2,1111111111
547;3,5555555556
548;2,8333333333
549;2
550;3
551;3,4444444444
552;2,6666666667
553;2,2857142857
554;3,6666666667
555;2,4
556;4
557;3,3333333333
558;3,5555555556
559;4
560;2,6
561;2,6666666667
562;1,6666666667
563;3,4444444444
564;2,5555555556
565;3,6666666667
566;3,25
567;3,2222222222
568;3,4444444444
569;3,5714285714
570;3,6
571;2,875
572;3,3333333333
573;3,6666666667
574;2,7777777778
575;1,8888888889
576;3,7777777778
577;3,6666666667
578;2,3333333333
579;2,6666666667
580;2,75
581;4
582;4
583;2,4
584;3,4444444444
585;2,7142857143
586;1,5
587;2,8571428571
588;3
589;2,875
590;3,875
591;4
592;3,7777777778
593;3,6666666667
594;3,125
595;4
596;2,875
597;3,75
598;3,7777777778
599;3,3333333333
600;3,5
601;3,6666666667
602;2,6666666667
603;4
604;2,3333333333
605;2,5
606;3,2857142857
607;2,1111111111
608;3
609;2,8888888889
610;3,1111111111
611;2,2857142857
612;2,1111111111
613;3,7777777778
614;2,7142857143
615;3
616;3
617;3,1111111111
618;3,5555555556
619;2,125
620;4
621;3,5555555556
622;1,875
623;2,125
624;3
625;3
626;3,875
627;2,1111111111
628;3
629;1,8888888889
630;2,2222222222
631;2,7777777778
632;3,8888888889
633;3,4444444444
634;3,2857142857
635;2,8571428571
636;2,6666666667
637;2,5555555556
638;2,2222222222
639;3,1428571429
640;3,375
641;3,7777777778
642;2,3333333333
643;4
644;4
645;2,8888888889
646;3,4285714286
647;3,1111111111
648;3,25
649;2,1428571429
650;1,8571428571
651;4
652;2,6666666667
653;2,1111111111
654;3,125
655;3,3333333333
656;2,2222222222
657;3
658;2,2222222222
659;2,1111111111
660;3,8888888889
661;2,6666666667
662;3,1111111111
663;2,875
664;3
665;4
666;2
667;2,1111111111
668;1,8888888889
669;3,3333333333
670;3,1111111111
671;2,8888888889
672;3,4444444444
673;2
674;2,5555555556
675;2,8888888889
676;3,1666666667
677;2,5
678;2,625
679;3
680;2,4285714286
681;2,8888888889
682;3,125
683;3,6666666667
684;3,7777777778
685;3,2222222222
686;4
687;2,5
688;2,6666666667
689;2,5714285714
690;3,1111111111
691;2,7777777778
692;2,2222222222
693;2,4285714286
694;3
695;3,125
696;2
697;3,625
698;3,5
699;2,5555555556
700;2,25
701;4
702;4
703;3,6666666667
704;2,8888888889
705;4
706;4
707;4
708;4
709;3,2857142857
710;4
711;4
712;3,375
713;3,375
714;3,8888888889
715;1,7777777778
716;4
717;4
718;4
719;4
720;3,875
721;2,4444444444
722;3,7142857143
723;4
724;2,5555555556
725;1,875
726;2,6666666667
727;3,6666666667
728;3
729;3,6666666667
730;2,5555555556
731;2,3333333333
732;3
733;3,4444444444
734;4
735;4
736;3,7777777778
737;4
738;2,5555555556
739;4
740;3,375
741;4
742;2,8333333333
743;3,1428571429
744;1,4444444444
745;4
746;2,6666666667
747;3,8888888889
748;4
749;4
750;2,75
751;3,5555555556
752;3,7777777778
753;3,4444444444
754;3,5
755;3,375
756;3,375
757;3,1666666667
758;4
759;4
760;3,375
761;4
762;4
763;4
764;3,5
765;2,375
766;2,7777777778
767;3,1111111111
768;2,5555555556
769;2,5555555556
770;3
771;3,7777777778
772;2
773;2,25
774;2,7142857143
775;1,2222222222
776;2,6666666667
777;2,7777777778
778;1,8571428571
779;2,625
780;3,8888888889
781;2,8333333333
782;3,25
783;2
784;3,6666666667
785;2,5
786;2,7777777778
787;3,375
788;1,8571428571
789;3,125
790;3
791;3,5555555556
792;3,8888888889
793;2,7777777778
794;2,75
795;2,4285714286
796;2,5555555556
797;3,3333333333
798;2,3333333333
799;2,5555555556
800;2,3333333333
801;3,5
802;3,7142857143
803;3,8
804;2,7777777778
805;3,7777777778
806;2,5
807;3,7142857143
808;3,6666666667
809;2
810;2,1111111111
811;2,75
812;2,5714285714
813;3,4444444444
814;3,125
815;2,3333333333
816;3,5
817;3
818;2,5555555556
819;2,25
820;2
821;3,5555555556
822;1,3333333333
823;3
824;3
825;1,4444444444
826;3
827;2,875
828;2,1111111111
829;3,3333333333
830;2,6666666667
831;3,5555555556
832;3,1111111111
833;2,4444444444
834;2,7777777778
835;4
836;4
837;3,375
838;4
839;2,8333333333
840;1,8888888889
841;1,75
842;2,5
843;2,25
844;2,1428571429
845;2,3333333333
846;3,3333333333
847;2,25
848;2,25
849;2,2857142857
850;2,8333333333
851;3
852;1,7777777778
853;3,3333333333
854;3
855;4
856;4
857;1,5555555556
858;1,625
859;2
860;2,375
861;2,6666666667
862;3,4444444444
863;2,6666666667
864;3,1111111111
865;2,2222222222
866;3,375
867;2,625
868;2,375
869;3,4444444444
870;2,6666666667
871;4
872;3
873;3,2857142857
874;3,2222222222
875;3,25
876;3,8888888889
877;3,5
878;2,4444444444
879;3,3333333333
880;3,6666666667
881;2,8571428571
882;2,6666666667
883;2,4444444444
884;2,3333333333
885;3,4285714286
886;2,5555555556
887;2,8888888889
888;1,875
889;2,4444444444
890;3,875
891;3,875
892;4
893;3,4444444444
894;4
895;2,5
896;4
897;4
898;3,7777777778
899;4
900;4
901;4
902;3,5
903;4
904;2,6666666667
905;3,5555555556
906;2,8571428571
907;3
908;3,1111111111
909;4
910;3,25
911;3,25
912;2,8888888889
913;3,8888888889
914;3,6666666667
915;3,8333333333
916;3,2222222222
917;3,75
918;3
919;3,2222222222
920;3,4444444444
921;3,4444444444
922;3,7777777778
923;3,2222222222
924;3,1428571429
925;2,5555555556
926;2,6666666667
927;3
928;2,5714285714
929;3,125
930;4
931;4
932;3,125
933;2,3333333333
934;2,3333333333
935;4
936;2,7777777778
937;2,7777777778
938;1,8888888889
939;3,8888888889
940;3,5555555556
941;3,8888888889
942;4
943;3,5555555556
944;3,75
945;4
946;3
947;4
948;3,3333333333
949;2,5555555556
950;4
951;4
952;4
953;3,6666666667
954;4
955;3,25
956;3,8571428571
957;3,4444444444
958;3
959;4
960;3,25
961;4
962;4
963;2,25
964;2,625
965;3,5555555556
966;3,5555555556
967;3,2222222222
968;3,2222222222
969;3,6666666667
970;3,625
971;3,7777777778
972;4
973;1,375
974;3,5555555556
975;4
976;3,4444444444
977;3,3333333333
978;4
979;4
980;3,8
981;2,8571428571
982;3,4444444444
983;3,5555555556
984;3
985;2,8333333333
986;2,7142857143
987;3,3333333333
988;3,375
989;3,7142857143
990;3,25
991;2,4444444444
992;3,8888888889
993;3,7777777778
994;3,8888888889
995;4
996;3,6666666667
997;2,5555555556
998;3,5
999;4
1000;3,7142857143
1001;4
1002;3,4444444444
1003;3,375
1004;3,625
1005;3
1006;3,2857142857
1007;2,7777777778
1008;3,8333333333
1009;3,1111111111
1010;2,3333333333
1011;3,4
1012;3,4444444444
1013;3,6666666667
1014;3,125
1015;2,5555555556
1016;3,2222222222
1017;2,5
1018;2,6666666667
1019;3,4444444444
1020;3,1111111111
1021;3,7777777778
1022;2,7142857143
1023;3,1428571429
1024;3,2222222222
1025;3,5
1026;2,2222222222
1027;1,8888888889
1028;3
1029;3,1111111111
1030;3
1031;3,8888888889
1032;3,8888888889
1033;3,375
1034;3,6666666667
1035;2,875
1036;2,4285714286
1037;4
1038;3,625
1039;3,4444444444
1040;2,875
1041;3,7777777778
1042;2,7777777778
1043;2,3333333333
1044;3,125
1045;3,8888888889
1046;3
1047;3,4444444444
1048;2,6666666667
1049;1,875
1050;3,1111111111
1051;2,5555555556
1052;4
1053;3,375
1054;2,625
1055;3,4285714286
1056;1
1057;1,6666666667
1058;2,25
1059;3,375
1060;2,2222222222
1061;1,8888888889
1062;2,5555555556
1063;3
1064;2,4285714286
1065;2
1066;2,25
1067;2
1068;4
1069;3,2222222222
1070;3,6666666667
1071;3,6666666667
1072;3,5555555556
1073;3,7142857143
1074;2,7777777778
1075;3,8888888889
1076;2
1077;4
1078;3
1079;3,8888888889
1080;3,7777777778
1081;3
1082;3,6666666667
1083;3,1428571429
1084;3,75
1085;3
1086;4
1087;1,2222222222
1088;3,75
1089;4
1090;2,8571428571
1091;3,8888888889
1092;3,1111111111
1093;2,7777777778
1094;4
1095;2
1096;3,125
1097;3,1111111111
1098;3,3333333333
1099;2,4444444444
1100;3,5714285714
1101;3,4444444444
1102;2,8888888889
1103;2,8571428571
1104;2,2222222222
1105;2,875
1106;4
1107;3,2222222222
1108;1,5555555556
1109;3,7777777778
1110;2,5555555556
1111;2,25
1112;1,8571428571
1113;2,2222222222
1114;3,7777777778
1115;3,5555555556
1116;3,1428571429
1117;3,6666666667
1118;3,4444444444
1119;2
1120;3,1428571429
1121;3,2222222222
1122;2,2222222222
1123;4
1124;3,5555555556
1125;3,6666666667
1126;4
1127;3,25
1128;3,5555555556
1129;2,3333333333
1130;3,6666666667
1131;2,5
1132;3,8888888889
1133;4
1134;4
1135;2,875
1136;3
1137;3
1138;3,2222222222
1139;3,4285714286
1140;2,8571428571
1141;2,5
1142;3,25
1143;3,875
1144;2,125
1145;3,7777777778
1146;4
1147;4
1148;3
1149;4
1150;2,4444444444
1151;2,5555555556
1152;3,375
1153;4
1154;2,75
1155;2,75
1156;3,5555555556
1157;2,2222222222
1158;3,7777777778
1159;3,4285714286
1160;3,4444444444
1161;3,25
1162;3,125
1163;3,8888888889
1164;3
1165;2,7142857143
1166;3,1428571429
1167;4
1168;3,6666666667
1169;4
1170;2,3333333333
1171;3,2222222222
1172;3,75
1173;3
1174;4
1175;4
1176;4
1177;3,5555555556
1178;4
1179;3,3333333333
1180;1,8888888889
1181;2,5555555556
1182;3,1111111111
1183;2,8888888889
1184;3,2222222222
1185;1,1111111111
1186;2,875
1187;3,4444444444
1188;3
1189;3,2857142857
1190;2,7142857143
1191;3,4444444444
1192;2,2222222222
1193;3
1194;2,5555555556
1195;2,8888888889
1196;3,5
1197;2,6666666667
1198;2
1199;3
1200;3,375
1201;1,8888888889
1202;3,375
1203;3,5555555556
1204;3,8333333333
1205;3,5555555556
1206;2,4444444444
1207;3,625
1208;3,625
1209;3,3333333333
1210;2,375
1211;2,625
1212;2,25
1213;3,4285714286
1214;3
1215;2,875
1216;3,8888888889
1217;3,6666666667
1218;4
1219;4
1220;3,1111111111
1221;3,8888888889
1222;3
1223;3,6666666667
1224;3,7142857143
1225;3,8888888889
1226;4
1227;3,7777777778
1228;3,3333333333
1229;2,2222222222
1230;3,25
1231;1,2222222222
1232;3,6666666667
1233;NA
1234;3,375
1235;3,1428571429
1236;3,6666666667
1237;3,6666666667
1238;1,2857142857
1239;2,4444444444
1240;2
1241;3,1111111111
1242;2,5
1243;4
1244;4
1245;3
1246;2,7142857143
1247;1,5555555556
1248;3,625
1249;3,3333333333
1250;3
1251;2
1252;3
1253;3,1666666667
1254;3,1428571429
1255;2,6666666667
1256;2,5714285714
1257;1,4444444444
1258;3,5
1259;3,4444444444
1260;3,6
1261;3,2222222222
1262;3,2222222222
1263;2,125
1264;4
1265;3,8888888889
1266;3,7777777778
1267;3,2
1268;3,5714285714
1269;2,1666666667
1270;3,5
1271;4
1272;3,6666666667
1273;3,7777777778
1274;1,3333333333
1275;3,1111111111
1276;3,8888888889
1277;3
1278;3,1111111111
1279;2,5714285714
1280;2,6666666667
1281;3
1282;1,6666666667
1283;3,5555555556
1284;3,1111111111
1285;2,625
1286;3,2222222222
1287;3,7777777778
1288;3,3333333333
1289;3,4444444444
1290;3,5555555556
1291;2,8571428571
1292;2
1293;3,5
1294;3,5
1295;3
1296;3
1297;4
1298;2,2222222222
1299;2,5555555556
1300;2,625
1301;4
1302;1,8571428571
1303;3
1304;3
1305;4
1306;2,8571428571
1307;3,6
1308;1,5555555556
1309;3,6666666667
1310;3,2222222222
1311;3
1312;3,125
1313;3,2222222222
1314;2,875
1315;2,8888888889
1316;2,6666666667
1317;3,1111111111
1318;3,3333333333
1319;3,875
1320;4
1321;2,2222222222
1322;2,1111111111
1323;3,5555555556
1324;3,2222222222
1325;2,5714285714
1326;3,4285714286
1327;2
1328;3,8888888889
1329;2,3333333333
1330;3,8571428571
1331;3,3333333333
1332;3,3333333333
1333;2,1428571429
1334;2,5714285714
1335;2,6666666667
1336;2,7777777778
1337;3
1338;2,75
1339;3,3333333333
1340;3,8888888889
1341;4
1342;3,3333333333
1343;3,6666666667
1344;3,375
1345;2,8
1346;3,5555555556
1347;3,6666666667
1348;3,5555555556
1349;3,6666666667
1350;2,375
1351;3,1428571429
1352;3
1353;1,1111111111
1354;2,6666666667
1355;4
1356;3,2222222222
1357;3,7777777778
1358;3,5555555556
1359;3,75
1360;2,6666666667
1361;1,4444444444
1362;3,7142857143
1363;1,5555555556
1364;2,8888888889
1365;3,7777777778
1366;4
1367;2,8333333333
1368;2,875
1369;2,4444444444
1370;2,4444444444
1371;2,6666666667
1372;3,125
1373;3,6
1374;1,75
1375;2,5555555556
1376;4
1377;3,8888888889
1378;3,875
1379;2,75
1380;4
1381;3
1382;3,4444444444
1383;2,8888888889
1384;3,25
1385;1,4444444444
1386;3
1387;3,8888888889
1388;3,6666666667
1389;3,8
1390;2,375
1391;4
1392;2,1111111111
1393;3
1394;2,8888888889
1395;4
1396;2,3333333333
1397;2,375
1398;4
1399;1,3333333333
1400;3,7142857143
1401;4
1402;3,625
1403;3
1404;2,8571428571
1405;2,5714285714
1406;3,5555555556
1407;2,3333333333
1408;3,2222222222
1409;1,5555555556
1410;2,1111111111
1411;1,8333333333
1412;2,6666666667
1413;3,1111111111
1414;3
1415;3
1416;2,625
1417;2,875
1418;4
1419;3,5555555556
1420;2,5
1421;3,5555555556
1422;3,2857142857
1423;2,7777777778
1424;2,875
1425;3,6666666667
1426;3,4444444444
1427;3,1111111111
1428;2
1429;2,3333333333
1430;3,1111111111
1431;3,7777777778
1432;4
1433;4
1434;3,8888888889
1435;3,3333333333
1436;3,125
1437;3,5555555556
1438;3,5714285714
1439;2,875
1440;4
1441;3,2857142857
1442;3,875
1443;3,5
1444;3,8888888889
1445;3,8888888889
1446;3,5555555556
1447;3,5
1448;1,5555555556
1449;2,5555555556
1450;3,4285714286
1451;4
1452;2
1453;2,5714285714
1454;3,25
1455;3,5555555556
1456;2,1428571429
1457;1,7777777778
1458;3,5714285714
1459;2,6666666667
1460;2
1461;1,5
1462;3,1666666667
1463;3,6666666667
1464;3,3333333333
1465;4
1466;4
1467;4
1468;4
1469;4
1470;4
1471;3,25
1472;2,5555555556
1473;2,5714285714
1474;3,3333333333
1475;4
1476;3,3333333333
1477;4
1478;2,7777777778
1479;2,3333333333
1480;2,8888888889
1481;4
1482;3,375
1483;2,875
1484;4
1485;2,6666666667
1486;2,6666666667
1487;3,5555555556
1488;3,5
1489;3,8333333333
1490;2,375
1491;3,6666666667
1492;3,25
1493;3,7142857143
1494;1,7777777778
1495;2,6666666667
1496;3
1497;3,375
1498;3
1499;1,8888888889
1500;3,25
1501;4
1502;3,125
1503;3,8888888889
1504;3,8888888889
1505;3,8888888889
1506;2,6666666667
1507;3,4444444444
1508;1
1509;2,25
1510;1,3333333333
1511;3,3333333333
1512;2,4
1513;2,7777777778
1514;2,8888888889
1515;2,4
1516;2,8888888889
1517;1,6666666667
1518;2
1519;3,7777777778
1520;1,4444444444
1521;1,6666666667
1522;2,75
1523;1,7777777778
1524;2,875
1525;1,75
1526;3
1527;1,3333333333
1528;2,625
1529;3,5714285714
1530;3,8888888889
1531;3,2222222222
1532;2,7142857143
1533;3,2222222222
1534;1,125
1535;2,5555555556
1536;2,6666666667
1537;3,1111111111
1538;3,5555555556
1539;2,2222222222
1540;2,8888888889
1541;2,4444444444
1542;4
1543;3,1666666667
1544;2,75
1545;4
1546;2,625
1547;3
1548;3,4444444444
1549;2,5714285714
1550;2,875
1551;2,8888888889
1552;2,8571428571
1553;2,6666666667
1554;3,1111111111
1555;1,7777777778
1556;3,6666666667
1557;3,1428571429
1558;3,4285714286
1559;3,5555555556
1560;4
1561;3,2857142857
1562;2,75
1563;3,6666666667
1564;3,1111111111
1565;3,2222222222
1566;3,2222222222
1567;3,7777777778
1568;2,7777777778
1569;3,2222222222
1570;3,1111111111
1571;2,4444444444
1572;2
1573;2,7777777778
1574;4
1575;4
1576;2,6666666667
1577;2,75
1578;3,7142857143
1579;2,5714285714
1580;2,4444444444
1581;3,3333333333
1582;3,4444444444
1583;4
1584;3,8888888889
1585;3,7777777778
1586;3
1587;3,4444444444
1588;3,6666666667
1589;4
1590;3,3333333333
1591;3,25
1592;3,8888888889
1593;3,8888888889
1594;3,4444444444
1595;3,5555555556
1596;3,8888888889
1597;1,1111111111
1598;2,1111111111
1599;3,4444444444
1600;2,5555555556
1601;2,6666666667
1602;3,3333333333
1603;3,1111111111
1604;3,6666666667
1605;2,5555555556
1606;2,7777777778
1607;2,7142857143
1608;1,5714285714
1609;2,8
1610;4
1611;4
1612;3,8888888889
1613;2,7777777778
1614;3,7777777778
1615;3,7777777778
1616;3,6666666667
1617;3,5714285714
1618;2,3333333333
1619;3,7777777778
1620;3,7777777778
1621;3,4444444444
1622;3,8888888889
1623;2,5
1624;3,7777777778
1625;3,5555555556
1626;3,5714285714
1627;4
1628;2,625
1629;3,1111111111
1630;4
1631;3,8888888889
1632;3,8888888889
1633;3,7777777778
1634;3,2222222222
1635;2,3333333333
1636;3,5555555556
1637;3,6666666667
1638;4
1639;4
1640;3,2222222222
1641;3,625
1642;3,125
1643;4
1644;2,75
1645;3,5
1646;4
1647;3,7777777778
1648;2,875
1649;3,375
1650;3,5714285714
1651;3,2222222222
1652;3,6666666667
1653;1,8888888889
1654;3,1111111111
1655;3,8888888889
1656;4
1657;3,5555555556
1658;3,125
1659;2,7777777778
1660;3,2222222222
1661;3,6666666667
1662;2,2222222222
1663;1,7777777778
1664;2,4
1665;3,8888888889
1666;2,6666666667
1667;3
1668;1,8888888889
1669;3,375
1670;3,3333333333
1671;3,7777777778
1672;3,625
1673;3,1111111111
1674;4
1675;2,4444444444
1676;2,6666666667
1677;3,875
1678;3,7777777778
1679;2,5555555556
1680;3
1681;2,75
1682;2,375
1683;2,7777777778
1684;2,5
1685;3
1686;3,5555555556
1687;3,6666666667
1688;3,8888888889
1689;3,625
1690;2,2857142857
1691;3,2857142857
1692;1,75
1693;3,6666666667
1694;3,2222222222
1695;3,3333333333
1696;3,6666666667
1697;2,8888888889
1698;3,2222222222
1699;3,125
1700;1,7142857143
1701;3,75
1702;2,1428571429
1703;3,6666666667
1704;3,6666666667
1705;3
1706;4
1707;3,6666666667
1708;4
1709;3,3333333333
1710;2,7142857143
1711;3,2857142857
1712;3,3333333333
1713;2
1714;3,625
1715;3,2222222222
1716;3,5
1717;3,5
1718;3,8888888889
1719;1,7142857143
1720;3,1428571429
1721;3,25
1722;1,1666666667
1723;4
1724;3,1666666667
1725;3,3333333333
1726;3,4444444444
1727;2,8571428571
1728;3,7777777778
1729;1,8333333333
1730;1,5555555556
1731;2,2222222222
1732;3,5555555556
1733;2
1734;3,4444444444
1735;3,3333333333
1736;3,5555555556
1737;3,3333333333
1738;3,875
1739;3,4444444444
1740;2,8888888889
1741;3,7777777778
1742;3,5
1743;3,7777777778
1744;3,7777777778
1745;2,875
1746;3,2857142857
1747;3,3333333333
1748;3,8888888889
1749;4
1750;4
1751;4
1752;2,875
1753;3,7777777778
1754;3,8888888889
1755;1,75
1756;3
1757;3,25
1758;4
1759;3,6666666667
1760;2,6666666667
1761;2,3333333333
1762;2,5555555556
1763;3
1764;2,875
1765;2,6666666667
1766;2,4444444444
1767;2,625
1768;2,7777777778
1769;1,8888888889
1770;3,4444444444
1771;1,6666666667
1772;4
1773;2,5
1774;3,7777777778
1775;2,75
1776;2,5
1777;1,875
1778;2,4285714286
1779;3,7777777778
1780;4
1781;2,5
1782;2,875
1783;3
1784;2,25
1785;2,2222222222
1786;3,1428571429
1787;2
1788;2,1111111111
1789;2,6666666667
1790;4
1791;3,5555555556
1792;3,625
1793;3,6666666667
1794;3,4285714286
1795;2,75
1796;3,3333333333
1797;3,7777777778
1798;3,8888888889
1799;3,6666666667
1800;3,5
1801;3,4444444444
1802;3,625
1803;3,5555555556
1804;2,5555555556
1805;3,8888888889
1806;2,2222222222
1807;3
1808;1
1809;4
1810;3,4444444444
1811;3,4444444444
1812;3,8888888889
1813;3,6666666667
1814;1,8888888889
1815;3
1816;3,8888888889
1817;3,7777777778
1818;3,5555555556
1819;2,5714285714
1820;2,8888888889
1821;3,4444444444
1822;3,4444444444
1823;4
1824;3,8888888889
1825;3,1111111111
1826;3,1111111111
1827;3,1111111111
1828;2,4444444444
1829;3
1830;3,8888888889
1831;3,4444444444
1832;2,2222222222
1833;2,1111111111
1834;3,625
1835;3,875
1836;2,7777777778
1837;2,5
1838;2,375
1839;2,2222222222
1840;3,8888888889
1841;3,25
1842;3,625
1843;3,75
1844;3
1845;2,4444444444
1846;4
1847;3,6666666667
1848;3,7777777778
1849;2,6666666667
1850;3,7777777778
1851;3
1852;2,4444444444
1853;2,8888888889
1854;3
1855;3,1666666667
1856;3,25
1857;3,8888888889
1858;4
1859;2,6666666667
1860;3,6666666667
1861;3,75
1862;4
1863;4
1864;3,625
1865;4
1866;2,6666666667
1867;2,6666666667
1868;4
1869;2,6666666667
1870;2,8888888889
1871;3,8888888889
1872;3,1111111111
1873;4
1874;4
1875;3,5714285714
1876;3,8888888889
1877;2,2857142857
1878;3,5
1879;2
1880;2,6666666667
1881;3,6666666667
1882;3
1883;3,6
1884;3
1885;2,6666666667
1886;2,6666666667
1887;4
1888;2,6666666667
1889;4
1890;2,25
1891;3,1428571429
1892;3
1893;3
1894;3,5555555556
1895;2,6666666667
1896;3,125
1897;3,4444444444
1898;3
1899;2,7142857143
1900;2,3333333333
1901;3,5
1902;3,3333333333
1903;3,125
1904;3,5555555556
1905;3
1906;3,8888888889
1907;3,4285714286
1908;1,875
1909;3,3333333333
1910;2,7777777778
1911;2,4444444444
1912;2,3333333333
1913;3
1914;4
1915;3,5555555556
1916;4
1917;2,3333333333
1918;2,875
1919;2,6666666667
1920;3,7777777778
1921;3,25
1922;1
1923;2,75
1924;4
1925;2
1926;3,7777777778
1927;2,75
1928;2
1929;4
1930;4
1931;3,625
1932;3,6666666667
1933;4
1934;3,5555555556
1935;3,4444444444
1936;3
1937;3,3333333333
1938;4
1939;4
1940;2,7142857143
1941;3
1942;3,375
1943;3,4285714286
1944;4
1945;3,7777777778
1946;4
1947;3,4444444444
1948;3,75
1949;3,7777777778
1950;3,6666666667
1951;2,875
1952;2,8888888889
1953;3,625
1954;4
1955;2,7777777778
1956;2,4444444444
1957;3,2222222222
1958;3,5555555556
1959;3,6666666667
1960;3,7777777778
1961;3,7777777778
1962;2,875
1963;3,3333333333
1964;2,5555555556
1965;2,5
1966;3,2222222222
1967;3,1428571429
1968;1,2222222222
1969;3,6666666667
1970;3,8888888889
1971;2,6666666667
1972;1,6666666667
1973;2,75
1974;1,7777777778
1975;3,5555555556
1976;2,7142857143
1977;2,3333333333
1978;3,2222222222
1979;2
1980;2,5555555556
1981;2,75
1982;2,25
1983;2,1111111111
1984;1,7142857143
1985;2,5555555556
1986;3,875
1987;2,2222222222
1988;3,3333333333
1989;2,3333333333
1990;2,3333333333
1991;1
1992;3,7142857143
1993;3,1428571429
1994;1,8888888889
1995;2,3333333333
1996;3,4444444444
1997;3
1998;3,7777777778
1999;4
2000;2,8571428571
2001;3,3333333333
2002;2,3333333333
2003;3,7777777778
2004;3,2222222222
2005;3,3333333333
2006;2,8888888889
2007;4
2008;3,625
2009;4
2010;3,875
2011;2,3333333333
2012;4
2013;3,6666666667
2014;2,7142857143
2015;4
2016;3,3333333333
2017;3,5
2018;2,4
2019;2,375
2020;3,5
2021;1,4444444444
2022;2,5714285714
2023;3,3333333333
2024;1,8333333333
2025;2,5
2026;2,4285714286
2027;2,4444444444
2028;2,5
2029;4
2030;3,75
2031;3,125
2032;2,6666666667
2033;4
2034;3,1428571429
2035;3,6666666667
2036;2,4285714286
2037;3,75
2038;2,7777777778
2039;3,375
2040;2,125
2041;1,5714285714
2042;3,6666666667
2043;3,7777777778
2044;4
2045;2,75
2046;2,2222222222
2047;2,375
2048;3,1666666667
2049;4
2050;3,7777777778
2051;1,3333333333
2052;3,1111111111
2053;2,6666666667
2054;3
2055;2,4444444444
2056;3,8888888889
2057;2,2857142857
2058;1,6666666667
2059;2
2060;1,625
2061;2,3333333333
2062;3
2063;3
2064;3,625
2065;3,2222222222
2066;3,5555555556
2067;4
2068;4
2069;3
2070;3,6666666667
2071;4
2072;4
2073;3,4444444444
2074;4
2075;3,4444444444
2076;3,5555555556
2077;3,5555555556
2078;3,1111111111
2079;3,6666666667
2080;3,8888888889
2081;3,625
2082;3
2083;3
2084;3,3333333333
2085;3,75
2086;2
2087;1,625
2088;3,25
2089;3,5
2090;2,5555555556
2091;3
2092;4
2093;4
2094;3
2095;4
2096;2,6666666667
2097;3,6666666667
2098;3,8888888889
2099;3,6666666667
2100;3
2101;2,8333333333
2102;3,3333333333
2103;3,8888888889
2104;2
2105;2,2222222222
2106;3,2857142857
2107;2,8888888889
2108;3,4444444444
2109;4
2110;2,7777777778
2111;2,75
2112;2,8571428571
2113;3,7142857143
2114;2,5
2115;2,4285714286
2116;3,6666666667
2117;3,6666666667
2118;4
2119;3,75
2120;3,6666666667
2121;2,3333333333
2122;4
2123;3,1666666667
2124;3,1111111111
2125;2,3333333333
2126;4
2127;3
2128;2,4444444444
2129;3,1111111111
2130;2,875
2131;3,1428571429
2132;3,2222222222
2133;2,4444444444
2134;4
2135;2,5
2136;3
2137;3,8888888889
2138;2,7777777778
2139;3,2222222222
2140;2,6666666667
2141;2,6666666667
2142;2,3333333333
2143;3,6666666667
2144;4
2145;3
2146;3,7777777778
2147;3,4444444444
2148;3,6666666667
2149;3,75
2150;3,6666666667
2151;4
2152;4
2153;3,3333333333
2154;1,5555555556
2155;4
2156;3,7142857143
2157;2,5
2158;3,8888888889
2159;1,1111111111
2160;3,7777777778
2161;4
2162;2,4444444444
2163;3,5714285714
2164;4
2165;4
2166;4
2167;3,7777777778
2168;4
2169;3
2170;3,1428571429
2171;3
2172;4
2173;4
2174;3,4444444444
2175;3,4444444444
2176;3,3333333333
2177;3,5555555556
2178;4
2179;2,3333333333
2180;4
2181;4
2182;3,5555555556
2183;3,1428571429
2184;3,6666666667
2185;3,3333333333
2186;2,6666666667
2187;3,4444444444
2188;3,125
2189;3,2222222222
2190;4
2191;3,7777777778
2192;3,75
2193;3,625
2194;2,8888888889
2195;2,5555555556
2196;4
2197;3
2198;3
2199;3,375
2200;3,1111111111
2201;4
2202;3,6666666667
2203;3,5555555556
2204;4
2205;4
2206;1,7142857143
2207;4
2208;2,1111111111
2209;3
2210;2,1111111111
2211;4
2212;3,8888888889
2213;4
2214;3,7777777778
2215;3,8888888889
2216;2,4444444444
2217;3,8888888889
2218;2,5
2219;2,3333333333
2220;2,3333333333
2221;3,3333333333
2222;3,7777777778
2223;2,4285714286
2224;3
2225;3,6666666667
2226;4
2227;3,375
2228;3,8888888889
2229;2
2230;2,6666666667
2231;3,7777777778
2232;4
2233;2,4444444444
2234;2,1111111111
2235;3,125
2236;3,7777777778
2237;3,125
2238;3,6666666667
2239;3
2240;4
2241;3,8888888889
2242;4
2243;3,8888888889
2244;3,625
2245;3,625
2246;3,25
2247;4
2248;2,6666666667
2249;3,8888888889
2250;3,75
2251;3,75
2252;3,2222222222
2253;3,3333333333
2254;4
2255;1,7777777778
2256;2,5555555556
2257;2,3333333333
2258;3,8888888889
2259;3
2260;3
2261;2,2857142857
2262;2,875
2263;2,875
2264;3,25
2265;2,2222222222
2266;3
2267;3,7777777778
2268;3,625
2269;2,6666666667
2270;2,5555555556
2271;3,125
2272;3,5
2273;3,875
2274;3,5555555556
2275;2,875
2276;4
2277;2,5
2278;4
2279;4
2280;4
2281;3,7777777778
2282;3,8333333333
2283;3,1111111111
2284;2
2285;3,8888888889
2286;4
2287;2
2288;3,3333333333
2289;2,3333333333
2290;2,8888888889
2291;3,4
2292;3,2222222222
2293;3
2294;3,4444444444
2295;4
2296;2,75
2297;3,125
2298;3,3333333333
2299;3,4444444444
2300;3,3333333333
2301;3
2302;3,625
2303;3,5
2304;2,8571428571
2305;2,5555555556
2306;3,4444444444
2307;4
2308;2,875
2309;3,7777777778
2310;3
2311;3,3333333333
2312;4
2313;1,8888888889
2314;2,8888888889
2315;3,25
2316;2
2317;1,25
2318;1,1111111111
2319;2,2857142857
2320;3,8888888889
2321;3,5
2322;2,3333333333
2323;2,625
2324;3,3333333333
2325;3,7777777778
2326;2,8571428571
2327;3,7777777778
2328;1,5
2329;1,75
2330;3,8888888889
2331;4
2332;3,625
2333;2,875
2334;3,7777777778
2335;2,375
2336;4
2337;2,2857142857
2338;2,375
2339;2,2222222222
2340;1,875
2341;4
2342;4
2343;2,75
2344;2,75
2345;4
2346;3
2347;3,5714285714
2348;4
2349;1
2350;2,7777777778
2351;2,6666666667
2352;1,5555555556
2353;2,125
2354;2,7777777778
2355;3,2222222222
2356;3,7777777778
2357;3,1428571429
2358;3,5
2359;2,6666666667
2360;3,3333333333
2361;3,4285714286
2362;2,4444444444
2363;2,8571428571
2364;3,2857142857
2365;4
2366;2,6
2367;2,8888888889
2368;3,75
2369;4
2370;2,3333333333
2371;4
2372;3,5555555556
2373;2,5
2374;3,8571428571
2375;2,5555555556
2376;4
2377;3,2222222222
2378;2,7142857143
2379;2,3333333333
2380;4
2381;2,1428571429
2382;2,1111111111
2383;3,75
2384;3,125
2385;3,3333333333
2386;4
2387;2,5555555556
2388;1,8888888889
2389;2,2857142857
2390;3,5555555556
2391;3,5
2392;3,875
2393;3,2222222222
2394;3,5555555556
2395;3,4444444444
2396;3,1666666667
2397;3,7142857143
2398;3,7142857143
2399;2,3333333333
2400;3,4285714286
2401;4
2402;3,75
2403;3,5
2404;3,875
2405;3,3333333333
2406;3
2407;3,1111111111
2408;1
2409;3,75
2410;4
2411;1,4444444444
2412;3,4444444444
2413;3,7777777778
2414;3,6666666667
2415;2,2857142857
2416;4
2417;2,7777777778
2418;2,25
2419;3,125
2420;3,3333333333
2421;2,4285714286
2422;1,5555555556
2423;1,4
2424;3
2425;3,25
2426;3,7142857143
2427;3,375
2428;3,7777777778
2429;3,5555555556
2430;2,8888888889
2431;3
2432;3,6666666667
2433;3
2434;3,8333333333
2435;2,75
2436;3,25
2437;2,375
2438;3,8888888889
2439;4
2440;1,625
2441;4
2442;2,4444444444
2443;1,6666666667
2444;3
2445;3,5
2446;2,8571428571
2447;2,75
2448;2,5555555556
2449;3,1666666667
2450;1,5555555556
2451;3,4444444444
2452;2,3333333333
2453;2,5
2454;4
2455;2
2456;3,2857142857
2457;3,7142857143
2458;3
2459;2,2857142857
2460;2,7142857143
2461;3,3333333333
2462;3,8571428571
2463;2,1111111111
2464;2,6666666667
2465;1,7777777778
2466;1,75
2467;4
2468;2,375
2469;2
2470;3,8888888889
2471;3,7777777778
2472;2,2857142857
2473;3,5714285714
2474;3,4285714286
2475;2,1111111111
2476;3,25
2477;3,1666666667
2478;4
2479;3,5555555556
2480;3,4444444444
2481;3
2482;2,7777777778
2483;3,5714285714
2484;3,1428571429
2485;3,1111111111
2486;2,4444444444
2487;3
2488;3,5555555556
2489;3,5555555556
2490;3,3333333333
2491;2,6
2492;3,7142857143
2493;3,1111111111
2494;3,3333333333
2495;3
2496;3,5
2497;2,7777777778
2498;3,25
2499;3,1111111111
2500;1,8888888889
2501;2,4444444444
2502;4
2503;3,1111111111
2504;3,4444444444
2505;2,75
2506;3,5
2507;3
2508;4
2509;1
2510;3
2511;1,5555555556
2512;2,7777777778
2513;3,6666666667
2514;3,5555555556
2515;3,5
2516;2,5555555556
2517;1,3333333333
2518;2,4444444444
2519;1,2222222222
2520;2,5714285714
2521;3,4285714286
2522;2,8888888889
2523;3
2524;3,5
2525;3,4444444444
2526;3,4444444444
2527;2,2222222222
2528;2,75
2529;3,5555555556
2530;1,6666666667
2531;2,6666666667
2532;1,5555555556
2533;2,6666666667
2534;2,7142857143
2535;3,3333333333
2536;3
2537;2
2538;3,5714285714
2539;3,6666666667
2540;3,5555555556
2541;3,6666666667
2542;2
2543;3,8888888889
2544;2,75
2545;3,3333333333
2546;2,3333333333
2547;3,5555555556
2548;2,5
2549;2,125
2550;3,3333333333
2551;1,7777777778
2552;3
2553;4
2554;4
2555;3,5555555556
2556;3,4285714286
2557;1,8888888889
2558;3,125
2559;2,6666666667
2560;3
2561;3,5
2562;3,6666666667
2563;2,7777777778
2564;4
2565;3,7777777778
2566;2,875
2567;4
2568;2,5
2569;2,2
2570;3,5555555556
2571;4
2572;2,7777777778
2573;2,5555555556
2574;3,3333333333
2575;3,5555555556
2576;3,5714285714
2577;3,7777777778
2578;3,4444444444
2579;2,3333333333
