"";"V1"
"1";0,661659679741456
"2";1,58438725485916
"3";-1,18379547049395
"4";1,58438725485916
"5";-0,261067895376249
"6";-0,261067895376249
"7";0,661659679741456
"8";-1,18379547049395
"9";-1,18379547049395
"10";1,58438725485916
"11";-0,261067895376249
"12";1,58438725485916
"13";0,661659679741456
"14";0,661659679741456
"15";-0,261067895376249
"16";-1,18379547049395
"17";-0,261067895376249
"18";-1,18379547049395
"19";0,661659679741456
"20";-0,261067895376249
"21";0,661659679741456
"22";-0,261067895376249
"23";-0,261067895376249
"24";0,661659679741456
"25";-1,18379547049395
"26";0,661659679741456
"27";0,661659679741456
"28";-0,261067895376249
"29";1,58438725485916
"30";-1,18379547049395
"31";-0,261067895376249
"32";-1,18379547049395
"33";-1,18379547049395
"34";-0,261067895376249
"35";-1,18379547049395
"36";-1,18379547049395
"37";1,58438725485916
"38";1,58438725485916
"39";1,58438725485916
"40";-0,261067895376249
"41";-1,18379547049395
"42";1,58438725485916
"43";-0,261067895376249
"44";1,58438725485916
"45";1,58438725485916
"46";1,58438725485916
"47";1,58438725485916
"48";0,661659679741456
"49";-1,18379547049395
"50";0,661659679741456
"51";-0,261067895376249
"52";1,58438725485916
"53";-1,18379547049395
"54";1,58438725485916
"55";-1,18379547049395
"56";1,58438725485916
"57";-0,261067895376249
"58";-1,18379547049395
"59";-0,261067895376249
"60";-1,18379547049395
"61";-0,261067895376249
"62";0,661659679741456
"63";-0,261067895376249
"64";1,58438725485916
"65";-1,18379547049395
"66";0,661659679741456
"67";-1,18379547049395
"68";0,661659679741456
"69";0,661659679741456
"70";-1,18379547049395
"71";0,661659679741456
"72";0,661659679741456
"73";-1,18379547049395
"74";-0,261067895376249
"75";0,661659679741456
"76";0,661659679741456
"77";0,661659679741456
"78";-0,261067895376249
"79";-0,261067895376249
"80";-1,18379547049395
"81";-0,261067895376249
"82";-0,261067895376249
"83";0,661659679741456
"84";-0,261067895376249
"85";-0,261067895376249
"86";0,661659679741456
"87";0,661659679741456
"88";0,661659679741456
"89";-1,18379547049395
"90";-0,261067895376249
"91";-1,18379547049395
"92";0,661659679741456
"93";-1,18379547049395
"94";-1,18379547049395
"95";-1,18379547049395
"96";-0,261067895376249
"97";0,661659679741456
"98";0,661659679741456
"99";-0,261067895376249
"100";-1,18379547049395
"101";-1,18379547049395
"102";-0,261067895376249
"103";-1,18379547049395
"104";-1,18379547049395
"105";-1,18379547049395
"106";-1,18379547049395
"107";0,661659679741456
"108";0,661659679741456
"109";-1,18379547049395
"110";-0,261067895376249
"111";0,661659679741456
"112";0,661659679741456
"113";0,661659679741456
"114";-0,261067895376249
"115";0,661659679741456
"116";1,58438725485916
"117";-0,261067895376249
"118";-1,18379547049395
"119";1,58438725485916
"120";0,661659679741456
"121";-1,18379547049395
"122";-1,18379547049395
"123";1,58438725485916
"124";-0,261067895376249
"125";-1,18379547049395
"126";NA
"127";-0,261067895376249
"128";0,661659679741456
"129";1,58438725485916
"130";-0,261067895376249
"131";1,58438725485916
"132";1,58438725485916
"133";-0,261067895376249
"134";-1,18379547049395
"135";-0,261067895376249
"136";-0,261067895376249
"137";1,58438725485916
"138";1,58438725485916
"139";1,58438725485916
"140";-1,18379547049395
"141";1,58438725485916
"142";-0,261067895376249
"143";1,58438725485916
"144";-0,261067895376249
"145";-0,261067895376249
"146";-1,18379547049395
"147";-0,261067895376249
"148";0,661659679741456
"149";-1,18379547049395
"150";-1,18379547049395
"151";1,58438725485916
"152";-0,261067895376249
"153";-0,261067895376249
"154";-0,261067895376249
"155";-0,261067895376249
"156";-1,18379547049395
"157";-0,261067895376249
"158";-1,18379547049395
"159";-1,18379547049395
"160";1,58438725485916
"161";0,661659679741456
"162";-0,261067895376249
"163";1,58438725485916
"164";1,58438725485916
"165";0,661659679741456
"166";1,58438725485916
"167";0,661659679741456
"168";-0,261067895376249
"169";1,58438725485916
"170";-1,18379547049395
"171";0,661659679741456
"172";0,661659679741456
"173";0,661659679741456
"174";-1,18379547049395
"175";-1,18379547049395
"176";-1,18379547049395
"177";-0,261067895376249
"178";1,58438725485916
"179";-1,18379547049395
"180";1,58438725485916
"181";-0,261067895376249
"182";NA
"183";-1,18379547049395
"184";-1,18379547049395
"185";-0,261067895376249
"186";-0,261067895376249
"187";1,58438725485916
"188";-1,18379547049395
"189";-0,261067895376249
"190";-1,18379547049395
"191";-1,18379547049395
"192";1,58438725485916
"193";-0,261067895376249
"194";-1,18379547049395
"195";1,58438725485916
"196";-1,18379547049395
"197";0,661659679741456
"198";-0,261067895376249
"199";-1,18379547049395
"200";1,58438725485916
"201";-1,18379547049395
"202";-0,261067895376249
"203";-1,18379547049395
"204";1,58438725485916
"205";-0,261067895376249
"206";-0,261067895376249
"207";-1,18379547049395
"208";-0,261067895376249
"209";0,661659679741456
"210";0,661659679741456
"211";0,661659679741456
"212";0,661659679741456
"213";-0,261067895376249
"214";-1,18379547049395
"215";-1,18379547049395
"216";0,661659679741456
"217";0,661659679741456
"218";-0,261067895376249
"219";-1,18379547049395
"220";-1,18379547049395
"221";-1,18379547049395
"222";-0,261067895376249
"223";1,58438725485916
"224";-1,18379547049395
"225";-0,261067895376249
"226";-0,261067895376249
"227";0,661659679741456
"228";-1,18379547049395
"229";0,661659679741456
"230";-1,18379547049395
"231";-1,18379547049395
"232";-1,18379547049395
"233";1,58438725485916
"234";-0,261067895376249
"235";1,58438725485916
"236";1,58438725485916
"237";-1,18379547049395
"238";-0,261067895376249
"239";1,58438725485916
"240";-0,261067895376249
"241";-0,261067895376249
"242";-1,18379547049395
"243";0,661659679741456
"244";0,661659679741456
"245";-1,18379547049395
"246";0,661659679741456
"247";-0,261067895376249
"248";1,58438725485916
"249";-0,261067895376249
"250";-1,18379547049395
"251";0,661659679741456
"252";1,58438725485916
"253";-1,18379547049395
"254";-0,261067895376249
"255";0,661659679741456
"256";0,661659679741456
"257";-0,261067895376249
"258";-0,261067895376249
"259";1,58438725485916
"260";-0,261067895376249
"261";1,58438725485916
"262";1,58438725485916
"263";-0,261067895376249
"264";1,58438725485916
"265";-1,18379547049395
"266";-0,261067895376249
"267";0,661659679741456
"268";-1,18379547049395
"269";-0,261067895376249
"270";-0,261067895376249
"271";-1,18379547049395
"272";0,661659679741456
"273";-1,18379547049395
"274";0,661659679741456
"275";-0,261067895376249
"276";-0,261067895376249
"277";-0,261067895376249
"278";-0,261067895376249
"279";0,661659679741456
"280";-1,18379547049395
"281";-0,261067895376249
"282";-0,261067895376249
"283";0,661659679741456
"284";-0,261067895376249
"285";0,661659679741456
"286";1,58438725485916
"287";1,58438725485916
"288";-1,18379547049395
"289";1,58438725485916
"290";0,661659679741456
"291";-0,261067895376249
"292";1,58438725485916
"293";0,661659679741456
"294";1,58438725485916
"295";0,661659679741456
"296";1,58438725485916
"297";0,661659679741456
"298";0,661659679741456
"299";-1,18379547049395
"300";-1,18379547049395
"301";0,661659679741456
"302";1,58438725485916
"303";0,661659679741456
"304";-0,261067895376249
"305";-0,261067895376249
"306";0,661659679741456
"307";-1,18379547049395
"308";1,58438725485916
"309";0,661659679741456
"310";0,661659679741456
"311";-1,18379547049395
"312";0,661659679741456
"313";1,58438725485916
"314";1,58438725485916
"315";-0,261067895376249
"316";-0,261067895376249
"317";1,58438725485916
"318";-0,261067895376249
"319";0,661659679741456
"320";1,58438725485916
"321";0,661659679741456
"322";1,58438725485916
"323";1,58438725485916
"324";0,661659679741456
"325";-0,261067895376249
"326";1,58438725485916
"327";1,58438725485916
"328";0,661659679741456
"329";-1,18379547049395
"330";-0,261067895376249
"331";-1,18379547049395
"332";-1,18379547049395
"333";-0,261067895376249
"334";0,661659679741456
"335";0,661659679741456
"336";0,661659679741456
"337";-0,261067895376249
"338";-1,18379547049395
"339";-0,261067895376249
"340";0,661659679741456
"341";-1,18379547049395
"342";0,661659679741456
"343";-0,261067895376249
"344";0,661659679741456
"345";1,58438725485916
"346";-0,261067895376249
"347";-1,18379547049395
"348";1,58438725485916
"349";1,58438725485916
"350";-0,261067895376249
"351";-1,18379547049395
"352";-0,261067895376249
"353";0,661659679741456
"354";0,661659679741456
"355";0,661659679741456
"356";-1,18379547049395
"357";-0,261067895376249
"358";-1,18379547049395
"359";-0,261067895376249
"360";-0,261067895376249
"361";0,661659679741456
"362";0,661659679741456
"363";-1,18379547049395
"364";0,661659679741456
"365";0,661659679741456
"366";0,661659679741456
"367";1,58438725485916
"368";1,58438725485916
"369";1,58438725485916
"370";0,661659679741456
"371";1,58438725485916
"372";-0,261067895376249
"373";-1,18379547049395
"374";0,661659679741456
"375";1,58438725485916
"376";-1,18379547049395
"377";-1,18379547049395
"378";-1,18379547049395
"379";-0,261067895376249
"380";1,58438725485916
"381";0,661659679741456
"382";1,58438725485916
"383";-1,18379547049395
"384";1,58438725485916
"385";0,661659679741456
"386";-1,18379547049395
"387";-0,261067895376249
"388";-1,18379547049395
"389";1,58438725485916
"390";0,661659679741456
"391";0,661659679741456
"392";1,58438725485916
"393";0,661659679741456
"394";-0,261067895376249
"395";0,661659679741456
"396";0,661659679741456
"397";-0,261067895376249
"398";-1,18379547049395
"399";0,661659679741456
"400";0,661659679741456
"401";-0,261067895376249
"402";0,661659679741456
"403";-1,18379547049395
"404";0,661659679741456
"405";1,58438725485916
"406";1,58438725485916
"407";1,58438725485916
"408";1,58438725485916
"409";-0,261067895376249
"410";-0,261067895376249
"411";-1,18379547049395
"412";0,661659679741456
"413";-0,261067895376249
"414";1,58438725485916
"415";-0,261067895376249
"416";-1,18379547049395
"417";0,661659679741456
"418";0,661659679741456
"419";1,58438725485916
"420";-1,18379547049395
"421";-0,261067895376249
"422";-1,18379547049395
"423";0,661659679741456
"424";0,661659679741456
"425";1,58438725485916
"426";-1,18379547049395
"427";1,58438725485916
"428";-1,18379547049395
"429";0,661659679741456
"430";0,661659679741456
"431";-1,18379547049395
"432";-1,18379547049395
"433";1,58438725485916
"434";1,58438725485916
"435";0,661659679741456
"436";-0,261067895376249
"437";-1,18379547049395
"438";1,58438725485916
"439";-0,261067895376249
"440";-1,18379547049395
"441";-1,18379547049395
"442";-1,18379547049395
"443";1,58438725485916
"444";-1,18379547049395
"445";-1,18379547049395
"446";-1,18379547049395
"447";0,661659679741456
"448";1,58438725485916
"449";-1,18379547049395
"450";0,661659679741456
"451";-0,261067895376249
"452";-1,18379547049395
"453";-1,18379547049395
"454";-1,18379547049395
"455";-1,18379547049395
"456";0,661659679741456
"457";-1,18379547049395
"458";-0,261067895376249
"459";-0,261067895376249
"460";-1,18379547049395
"461";-1,18379547049395
"462";-0,261067895376249
"463";-1,18379547049395
"464";-0,261067895376249
"465";-1,18379547049395
"466";0,661659679741456
"467";0,661659679741456
"468";0,661659679741456
"469";-1,18379547049395
"470";-1,18379547049395
"471";-1,18379547049395
"472";-0,261067895376249
"473";1,58438725485916
"474";0,661659679741456
"475";0,661659679741456
"476";1,58438725485916
"477";1,58438725485916
"478";1,58438725485916
"479";0,661659679741456
"480";1,58438725485916
"481";-0,261067895376249
"482";0,661659679741456
"483";-1,18379547049395
"484";-1,18379547049395
"485";0,661659679741456
"486";-0,261067895376249
"487";-0,261067895376249
"488";-0,261067895376249
"489";-1,18379547049395
"490";-1,18379547049395
"491";0,661659679741456
"492";-0,261067895376249
"493";0,661659679741456
"494";-0,261067895376249
"495";-0,261067895376249
"496";0,661659679741456
"497";-1,18379547049395
"498";0,661659679741456
"499";-1,18379547049395
"500";0,661659679741456
"501";-1,18379547049395
"502";0,661659679741456
"503";1,58438725485916
"504";1,58438725485916
"505";-1,18379547049395
"506";-0,261067895376249
"507";-1,18379547049395
"508";0,661659679741456
"509";-1,18379547049395
"510";0,661659679741456
"511";0,661659679741456
"512";1,58438725485916
"513";1,58438725485916
"514";-0,261067895376249
"515";1,58438725485916
"516";-0,261067895376249
"517";0,661659679741456
"518";-0,261067895376249
"519";-1,18379547049395
"520";-1,18379547049395
"521";-1,18379547049395
"522";1,58438725485916
"523";-1,18379547049395
"524";1,58438725485916
"525";1,58438725485916
"526";-1,18379547049395
"527";-0,261067895376249
"528";0,661659679741456
"529";-1,18379547049395
"530";-1,18379547049395
"531";-0,261067895376249
"532";1,58438725485916
"533";1,58438725485916
"534";0,661659679741456
"535";-0,261067895376249
"536";0,661659679741456
"537";-0,261067895376249
"538";1,58438725485916
"539";-0,261067895376249
"540";1,58438725485916
"541";0,661659679741456
"542";-0,261067895376249
"543";1,58438725485916
"544";0,661659679741456
"545";-0,261067895376249
"546";1,58438725485916
"547";-1,18379547049395
"548";-1,18379547049395
"549";-1,18379547049395
"550";-0,261067895376249
"551";0,661659679741456
"552";0,661659679741456
"553";0,661659679741456
"554";0,661659679741456
"555";-0,261067895376249
"556";1,58438725485916
"557";-0,261067895376249
"558";-1,18379547049395
"559";-0,261067895376249
"560";-1,18379547049395
"561";1,58438725485916
"562";1,58438725485916
"563";1,58438725485916
"564";1,58438725485916
"565";1,58438725485916
"566";-1,18379547049395
"567";-0,261067895376249
"568";1,58438725485916
"569";1,58438725485916
"570";0,661659679741456
"571";-1,18379547049395
"572";-1,18379547049395
"573";1,58438725485916
"574";1,58438725485916
"575";1,58438725485916
"576";-0,261067895376249
"577";-0,261067895376249
"578";1,58438725485916
"579";-1,18379547049395
"580";0,661659679741456
"581";-1,18379547049395
"582";-1,18379547049395
"583";0,661659679741456
"584";-0,261067895376249
"585";-1,18379547049395
"586";-0,261067895376249
"587";-0,261067895376249
"588";1,58438725485916
"589";-1,18379547049395
"590";-0,261067895376249
"591";1,58438725485916
"592";-1,18379547049395
"593";1,58438725485916
"594";1,58438725485916
"595";-1,18379547049395
"596";-1,18379547049395
"597";0,661659679741456
"598";1,58438725485916
"599";-0,261067895376249
"600";1,58438725485916
"601";-0,261067895376249
"602";-0,261067895376249
"603";-0,261067895376249
"604";0,661659679741456
"605";-0,261067895376249
"606";0,661659679741456
"607";0,661659679741456
"608";-0,261067895376249
"609";-0,261067895376249
"610";1,58438725485916
"611";-0,261067895376249
"612";-0,261067895376249
"613";-0,261067895376249
"614";-1,18379547049395
"615";-0,261067895376249
"616";-0,261067895376249
"617";0,661659679741456
"618";0,661659679741456
"619";0,661659679741456
"620";-0,261067895376249
"621";-0,261067895376249
"622";-1,18379547049395
"623";-1,18379547049395
"624";0,661659679741456
"625";1,58438725485916
"626";-1,18379547049395
"627";-0,261067895376249
"628";-1,18379547049395
"629";-0,261067895376249
"630";-0,261067895376249
"631";-0,261067895376249
"632";0,661659679741456
"633";-0,261067895376249
"634";0,661659679741456
"635";-1,18379547049395
"636";1,58438725485916
"637";-0,261067895376249
"638";-1,18379547049395
"639";1,58438725485916
"640";-1,18379547049395
"641";0,661659679741456
"642";1,58438725485916
"643";1,58438725485916
"644";1,58438725485916
"645";1,58438725485916
"646";-1,18379547049395
"647";1,58438725485916
"648";-1,18379547049395
"649";-0,261067895376249
"650";0,661659679741456
"651";-0,261067895376249
"652";-0,261067895376249
"653";1,58438725485916
"654";0,661659679741456
"655";1,58438725485916
"656";-1,18379547049395
"657";-0,261067895376249
"658";-1,18379547049395
"659";1,58438725485916
"660";1,58438725485916
"661";1,58438725485916
"662";0,661659679741456
"663";-0,261067895376249
"664";-1,18379547049395
"665";1,58438725485916
"666";1,58438725485916
"667";0,661659679741456
"668";1,58438725485916
"669";0,661659679741456
"670";-0,261067895376249
"671";1,58438725485916
"672";0,661659679741456
"673";-1,18379547049395
"674";1,58438725485916
"675";1,58438725485916
"676";0,661659679741456
"677";-1,18379547049395
"678";1,58438725485916
"679";-1,18379547049395
"680";0,661659679741456
"681";-1,18379547049395
"682";-1,18379547049395
"683";1,58438725485916
"684";1,58438725485916
"685";1,58438725485916
"686";0,661659679741456
"687";0,661659679741456
"688";1,58438725485916
"689";0,661659679741456
"690";-0,261067895376249
"691";-1,18379547049395
"692";0,661659679741456
"693";-1,18379547049395
"694";1,58438725485916
"695";0,661659679741456
"696";1,58438725485916
"697";-1,18379547049395
"698";0,661659679741456
"699";1,58438725485916
"700";0,661659679741456
"701";-1,18379547049395
"702";-1,18379547049395
"703";0,661659679741456
"704";0,661659679741456
"705";1,58438725485916
"706";0,661659679741456
"707";-1,18379547049395
"708";1,58438725485916
"709";1,58438725485916
"710";-0,261067895376249
"711";0,661659679741456
"712";0,661659679741456
"713";0,661659679741456
"714";-1,18379547049395
"715";-1,18379547049395
"716";-0,261067895376249
"717";-0,261067895376249
"718";0,661659679741456
"719";-0,261067895376249
"720";-1,18379547049395
"721";-1,18379547049395
"722";-1,18379547049395
"723";1,58438725485916
"724";1,58438725485916
"725";0,661659679741456
"726";1,58438725485916
"727";-0,261067895376249
"728";1,58438725485916
"729";0,661659679741456
"730";1,58438725485916
"731";0,661659679741456
"732";-0,261067895376249
"733";1,58438725485916
"734";0,661659679741456
"735";-0,261067895376249
"736";0,661659679741456
"737";0,661659679741456
"738";1,58438725485916
"739";-0,261067895376249
"740";-0,261067895376249
"741";-0,261067895376249
"742";-1,18379547049395
"743";-1,18379547049395
"744";-0,261067895376249
"745";-0,261067895376249
"746";0,661659679741456
"747";0,661659679741456
"748";-0,261067895376249
"749";-1,18379547049395
"750";-0,261067895376249
"751";1,58438725485916
"752";-0,261067895376249
"753";0,661659679741456
"754";0,661659679741456
"755";0,661659679741456
"756";-1,18379547049395
"757";-1,18379547049395
"758";0,661659679741456
"759";-1,18379547049395
"760";0,661659679741456
"761";1,58438725485916
"762";1,58438725485916
"763";1,58438725485916
"764";-0,261067895376249
"765";-0,261067895376249
"766";-0,261067895376249
"767";-0,261067895376249
"768";-1,18379547049395
"769";-0,261067895376249
"770";-0,261067895376249
"771";-1,18379547049395
"772";-1,18379547049395
"773";-1,18379547049395
"774";-0,261067895376249
"775";-0,261067895376249
"776";-0,261067895376249
"777";-0,261067895376249
"778";-0,261067895376249
"779";-0,261067895376249
"780";-1,18379547049395
"781";-1,18379547049395
"782";-0,261067895376249
"783";-0,261067895376249
"784";-0,261067895376249
"785";-0,261067895376249
"786";-1,18379547049395
"787";-0,261067895376249
"788";-0,261067895376249
"789";-1,18379547049395
"790";-0,261067895376249
"791";-0,261067895376249
"792";-0,261067895376249
"793";-0,261067895376249
"794";-0,261067895376249
"795";-0,261067895376249
"796";-1,18379547049395
"797";-0,261067895376249
"798";-0,261067895376249
"799";-0,261067895376249
"800";-0,261067895376249
"801";-0,261067895376249
"802";-1,18379547049395
"803";-1,18379547049395
"804";-0,261067895376249
"805";-1,18379547049395
"806";-0,261067895376249
"807";-0,261067895376249
"808";-1,18379547049395
"809";-0,261067895376249
"810";-1,18379547049395
"811";-1,18379547049395
"812";-1,18379547049395
"813";-1,18379547049395
"814";-0,261067895376249
"815";-0,261067895376249
"816";-1,18379547049395
"817";-0,261067895376249
"818";0,661659679741456
"819";-0,261067895376249
"820";1,58438725485916
"821";-1,18379547049395
"822";0,661659679741456
"823";0,661659679741456
"824";-0,261067895376249
"825";0,661659679741456
"826";0,661659679741456
"827";-1,18379547049395
"828";0,661659679741456
"829";-1,18379547049395
"830";-1,18379547049395
"831";-0,261067895376249
"832";-1,18379547049395
"833";-1,18379547049395
"834";-1,18379547049395
"835";-1,18379547049395
"836";-1,18379547049395
"837";-1,18379547049395
"838";-0,261067895376249
"839";-0,261067895376249
"840";-0,261067895376249
"841";-0,261067895376249
"842";-1,18379547049395
"843";-0,261067895376249
"844";-1,18379547049395
"845";-0,261067895376249
"846";-1,18379547049395
"847";-1,18379547049395
"848";-1,18379547049395
"849";-1,18379547049395
"850";-1,18379547049395
"851";-0,261067895376249
"852";-1,18379547049395
"853";-1,18379547049395
"854";-1,18379547049395
"855";-1,18379547049395
"856";-1,18379547049395
"857";-1,18379547049395
"858";-0,261067895376249
"859";-1,18379547049395
"860";-1,18379547049395
"861";-0,261067895376249
"862";0,661659679741456
"863";0,661659679741456
"864";0,661659679741456
"865";0,661659679741456
"866";-0,261067895376249
"867";0,661659679741456
"868";0,661659679741456
"869";-0,261067895376249
"870";0,661659679741456
"871";0,661659679741456
"872";0,661659679741456
"873";-0,261067895376249
"874";-0,261067895376249
"875";0,661659679741456
"876";0,661659679741456
"877";0,661659679741456
"878";0,661659679741456
"879";0,661659679741456
"880";-0,261067895376249
"881";0,661659679741456
"882";NA
"883";0,661659679741456
"884";-0,261067895376249
"885";0,661659679741456
"886";0,661659679741456
"887";-0,261067895376249
"888";NA
"889";0,661659679741456
"890";-0,261067895376249
"891";0,661659679741456
"892";-1,18379547049395
"893";-0,261067895376249
"894";-1,18379547049395
"895";1,58438725485916
"896";0,661659679741456
"897";-1,18379547049395
"898";-1,18379547049395
"899";-0,261067895376249
"900";0,661659679741456
"901";-1,18379547049395
"902";1,58438725485916
"903";1,58438725485916
"904";1,58438725485916
"905";-0,261067895376249
"906";1,58438725485916
"907";1,58438725485916
"908";1,58438725485916
"909";1,58438725485916
"910";0,661659679741456
"911";-1,18379547049395
"912";-0,261067895376249
"913";0,661659679741456
"914";1,58438725485916
"915";-1,18379547049395
"916";1,58438725485916
"917";0,661659679741456
"918";1,58438725485916
"919";0,661659679741456
"920";1,58438725485916
"921";0,661659679741456
"922";-1,18379547049395
"923";1,58438725485916
"924";-1,18379547049395
"925";-0,261067895376249
"926";-0,261067895376249
"927";0,661659679741456
"928";-1,18379547049395
"929";-1,18379547049395
"930";-1,18379547049395
"931";0,661659679741456
"932";1,58438725485916
"933";1,58438725485916
"934";-0,261067895376249
"935";-1,18379547049395
"936";1,58438725485916
"937";0,661659679741456
"938";-1,18379547049395
"939";0,661659679741456
"940";1,58438725485916
"941";-0,261067895376249
"942";-1,18379547049395
"943";1,58438725485916
"944";0,661659679741456
"945";0,661659679741456
"946";-0,261067895376249
"947";-0,261067895376249
"948";-1,18379547049395
"949";-1,18379547049395
"950";1,58438725485916
"951";0,661659679741456
"952";1,58438725485916
"953";-1,18379547049395
"954";1,58438725485916
"955";-0,261067895376249
"956";1,58438725485916
"957";0,661659679741456
"958";0,661659679741456
"959";-0,261067895376249
"960";-1,18379547049395
"961";-0,261067895376249
"962";0,661659679741456
"963";-1,18379547049395
"964";0,661659679741456
"965";0,661659679741456
"966";1,58438725485916
"967";-0,261067895376249
"968";1,58438725485916
"969";1,58438725485916
"970";-1,18379547049395
"971";0,661659679741456
"972";-0,261067895376249
"973";0,661659679741456
"974";-0,261067895376249
"975";1,58438725485916
"976";1,58438725485916
"977";1,58438725485916
"978";1,58438725485916
"979";-1,18379547049395
"980";-1,18379547049395
"981";1,58438725485916
"982";-0,261067895376249
"983";-0,261067895376249
"984";0,661659679741456
"985";-1,18379547049395
"986";-1,18379547049395
"987";-0,261067895376249
"988";1,58438725485916
"989";-1,18379547049395
"990";-0,261067895376249
"991";1,58438725485916
"992";1,58438725485916
"993";1,58438725485916
"994";0,661659679741456
"995";-1,18379547049395
"996";0,661659679741456
"997";1,58438725485916
"998";-0,261067895376249
"999";0,661659679741456
"1000";-1,18379547049395
"1001";-1,18379547049395
"1002";1,58438725485916
"1003";-0,261067895376249
"1004";-1,18379547049395
"1005";0,661659679741456
"1006";-1,18379547049395
"1007";-1,18379547049395
"1008";1,58438725485916
"1009";-0,261067895376249
"1010";0,661659679741456
"1011";-1,18379547049395
"1012";0,661659679741456
"1013";-1,18379547049395
"1014";-0,261067895376249
"1015";-1,18379547049395
"1016";1,58438725485916
"1017";-0,261067895376249
"1018";-1,18379547049395
"1019";-0,261067895376249
"1020";-0,261067895376249
"1021";-1,18379547049395
"1022";-0,261067895376249
"1023";-0,261067895376249
"1024";-1,18379547049395
"1025";1,58438725485916
"1026";-0,261067895376249
"1027";-0,261067895376249
"1028";0,661659679741456
"1029";0,661659679741456
"1030";0,661659679741456
"1031";0,661659679741456
"1032";0,661659679741456
"1033";-1,18379547049395
"1034";1,58438725485916
"1035";-1,18379547049395
"1036";-1,18379547049395
"1037";0,661659679741456
"1038";1,58438725485916
"1039";-0,261067895376249
"1040";-1,18379547049395
"1041";-0,261067895376249
"1042";-0,261067895376249
"1043";-0,261067895376249
"1044";-1,18379547049395
"1045";-0,261067895376249
"1046";-0,261067895376249
"1047";0,661659679741456
"1048";0,661659679741456
"1049";-0,261067895376249
"1050";0,661659679741456
"1051";-1,18379547049395
"1052";-1,18379547049395
"1053";-1,18379547049395
"1054";-1,18379547049395
"1055";-1,18379547049395
"1056";1,58438725485916
"1057";1,58438725485916
"1058";-0,261067895376249
"1059";-1,18379547049395
"1060";0,661659679741456
"1061";-1,18379547049395
"1062";0,661659679741456
"1063";-0,261067895376249
"1064";-1,18379547049395
"1065";1,58438725485916
"1066";1,58438725485916
"1067";-1,18379547049395
"1068";0,661659679741456
"1069";0,661659679741456
"1070";-1,18379547049395
"1071";1,58438725485916
"1072";0,661659679741456
"1073";1,58438725485916
"1074";-0,261067895376249
"1075";1,58438725485916
"1076";0,661659679741456
"1077";1,58438725485916
"1078";1,58438725485916
"1079";1,58438725485916
"1080";-1,18379547049395
"1081";0,661659679741456
"1082";-1,18379547049395
"1083";-0,261067895376249
"1084";0,661659679741456
"1085";0,661659679741456
"1086";-1,18379547049395
"1087";-0,261067895376249
"1088";-1,18379547049395
"1089";-1,18379547049395
"1090";-1,18379547049395
"1091";1,58438725485916
"1092";-1,18379547049395
"1093";-0,261067895376249
"1094";-1,18379547049395
"1095";-0,261067895376249
"1096";-0,261067895376249
"1097";1,58438725485916
"1098";-1,18379547049395
"1099";0,661659679741456
"1100";0,661659679741456
"1101";-0,261067895376249
"1102";-0,261067895376249
"1103";-1,18379547049395
"1104";-0,261067895376249
"1105";-0,261067895376249
"1106";0,661659679741456
"1107";1,58438725485916
"1108";-0,261067895376249
"1109";1,58438725485916
"1110";-1,18379547049395
"1111";-0,261067895376249
"1112";0,661659679741456
"1113";1,58438725485916
"1114";-1,18379547049395
"1115";1,58438725485916
"1116";-0,261067895376249
"1117";0,661659679741456
"1118";-0,261067895376249
"1119";NA
"1120";1,58438725485916
"1121";-0,261067895376249
"1122";0,661659679741456
"1123";0,661659679741456
"1124";0,661659679741456
"1125";0,661659679741456
"1126";-1,18379547049395
"1127";-1,18379547049395
"1128";-1,18379547049395
"1129";-0,261067895376249
"1130";0,661659679741456
"1131";-1,18379547049395
"1132";0,661659679741456
"1133";-1,18379547049395
"1134";-0,261067895376249
"1135";-1,18379547049395
"1136";1,58438725485916
"1137";-0,261067895376249
"1138";-1,18379547049395
"1139";0,661659679741456
"1140";-1,18379547049395
"1141";0,661659679741456
"1142";1,58438725485916
"1143";0,661659679741456
"1144";0,661659679741456
"1145";-1,18379547049395
"1146";0,661659679741456
"1147";0,661659679741456
"1148";0,661659679741456
"1149";0,661659679741456
"1150";0,661659679741456
"1151";0,661659679741456
"1152";-1,18379547049395
"1153";-0,261067895376249
"1154";-1,18379547049395
"1155";-0,261067895376249
"1156";0,661659679741456
"1157";1,58438725485916
"1158";-0,261067895376249
"1159";-1,18379547049395
"1160";-1,18379547049395
"1161";1,58438725485916
"1162";-0,261067895376249
"1163";-1,18379547049395
"1164";NA
"1165";-0,261067895376249
"1166";-1,18379547049395
"1167";1,58438725485916
"1168";0,661659679741456
"1169";-1,18379547049395
"1170";1,58438725485916
"1171";-1,18379547049395
"1172";-0,261067895376249
"1173";-0,261067895376249
"1174";-0,261067895376249
"1175";0,661659679741456
"1176";-1,18379547049395
"1177";1,58438725485916
"1178";0,661659679741456
"1179";0,661659679741456
"1180";1,58438725485916
"1181";-1,18379547049395
"1182";-0,261067895376249
"1183";1,58438725485916
"1184";-0,261067895376249
"1185";0,661659679741456
"1186";1,58438725485916
"1187";0,661659679741456
"1188";-0,261067895376249
"1189";1,58438725485916
"1190";0,661659679741456
"1191";-0,261067895376249
"1192";-0,261067895376249
"1193";1,58438725485916
"1194";0,661659679741456
"1195";0,661659679741456
"1196";-1,18379547049395
"1197";0,661659679741456
"1198";-0,261067895376249
"1199";0,661659679741456
"1200";-1,18379547049395
"1201";1,58438725485916
"1202";-0,261067895376249
"1203";-1,18379547049395
"1204";-1,18379547049395
"1205";-0,261067895376249
"1206";-0,261067895376249
"1207";-0,261067895376249
"1208";-1,18379547049395
"1209";-1,18379547049395
"1210";-1,18379547049395
"1211";-1,18379547049395
"1212";-1,18379547049395
"1213";-1,18379547049395
"1214";-1,18379547049395
"1215";-1,18379547049395
"1216";-0,261067895376249
"1217";-1,18379547049395
"1218";0,661659679741456
"1219";0,661659679741456
"1220";-0,261067895376249
"1221";-0,261067895376249
"1222";0,661659679741456
"1223";-0,261067895376249
"1224";-1,18379547049395
"1225";-0,261067895376249
"1226";-1,18379547049395
"1227";-1,18379547049395
"1228";-1,18379547049395
"1229";0,661659679741456
"1230";-1,18379547049395
"1231";-1,18379547049395
"1232";-1,18379547049395
"1233";-1,18379547049395
"1234";-0,261067895376249
"1235";-1,18379547049395
"1236";-1,18379547049395
"1237";-1,18379547049395
"1238";0,661659679741456
"1239";-0,261067895376249
"1240";-1,18379547049395
"1241";-0,261067895376249
"1242";0,661659679741456
"1243";-0,261067895376249
"1244";1,58438725485916
"1245";-0,261067895376249
"1246";-1,18379547049395
"1247";0,661659679741456
"1248";-1,18379547049395
"1249";0,661659679741456
"1250";-1,18379547049395
"1251";-0,261067895376249
"1252";-0,261067895376249
"1253";-1,18379547049395
"1254";1,58438725485916
"1255";0,661659679741456
"1256";1,58438725485916
"1257";1,58438725485916
"1258";1,58438725485916
"1259";-1,18379547049395
"1260";-1,18379547049395
"1261";1,58438725485916
"1262";-1,18379547049395
"1263";-0,261067895376249
"1264";-1,18379547049395
"1265";1,58438725485916
"1266";-1,18379547049395
"1267";-0,261067895376249
"1268";1,58438725485916
"1269";0,661659679741456
"1270";-0,261067895376249
"1271";-1,18379547049395
"1272";1,58438725485916
"1273";-1,18379547049395
"1274";0,661659679741456
"1275";-0,261067895376249
"1276";-1,18379547049395
"1277";1,58438725485916
"1278";1,58438725485916
"1279";-0,261067895376249
"1280";1,58438725485916
"1281";1,58438725485916
"1282";-0,261067895376249
"1283";1,58438725485916
"1284";-1,18379547049395
"1285";-0,261067895376249
"1286";-0,261067895376249
"1287";1,58438725485916
"1288";-0,261067895376249
"1289";1,58438725485916
"1290";-1,18379547049395
"1291";0,661659679741456
"1292";-0,261067895376249
"1293";1,58438725485916
"1294";-1,18379547049395
"1295";0,661659679741456
"1296";0,661659679741456
"1297";-0,261067895376249
"1298";0,661659679741456
"1299";1,58438725485916
"1300";-0,261067895376249
"1301";-1,18379547049395
"1302";1,58438725485916
"1303";-0,261067895376249
"1304";1,58438725485916
"1305";0,661659679741456
"1306";0,661659679741456
"1307";-0,261067895376249
"1308";1,58438725485916
"1309";-0,261067895376249
"1310";1,58438725485916
"1311";-0,261067895376249
"1312";1,58438725485916
"1313";1,58438725485916
"1314";1,58438725485916
"1315";-0,261067895376249
"1316";0,661659679741456
"1317";0,661659679741456
"1318";-1,18379547049395
"1319";1,58438725485916
"1320";1,58438725485916
"1321";-0,261067895376249
"1322";1,58438725485916
"1323";1,58438725485916
"1324";1,58438725485916
"1325";-0,261067895376249
"1326";1,58438725485916
"1327";-1,18379547049395
"1328";-1,18379547049395
"1329";-1,18379547049395
"1330";-1,18379547049395
"1331";-0,261067895376249
"1332";0,661659679741456
"1333";1,58438725485916
"1334";-1,18379547049395
"1335";1,58438725485916
"1336";1,58438725485916
"1337";-1,18379547049395
"1338";1,58438725485916
"1339";0,661659679741456
"1340";0,661659679741456
"1341";-1,18379547049395
"1342";-1,18379547049395
"1343";-0,261067895376249
"1344";-0,261067895376249
"1345";-1,18379547049395
"1346";-1,18379547049395
"1347";1,58438725485916
"1348";-1,18379547049395
"1349";-1,18379547049395
"1350";-0,261067895376249
"1351";-1,18379547049395
"1352";-1,18379547049395
"1353";1,58438725485916
"1354";1,58438725485916
"1355";-0,261067895376249
"1356";1,58438725485916
"1357";-1,18379547049395
"1358";-1,18379547049395
"1359";1,58438725485916
"1360";-1,18379547049395
"1361";0,661659679741456
"1362";NA
"1363";-0,261067895376249
"1364";-0,261067895376249
"1365";-1,18379547049395
"1366";-1,18379547049395
"1367";-1,18379547049395
"1368";1,58438725485916
"1369";1,58438725485916
"1370";1,58438725485916
"1371";-1,18379547049395
"1372";-1,18379547049395
"1373";-1,18379547049395
"1374";1,58438725485916
"1375";1,58438725485916
"1376";1,58438725485916
"1377";-0,261067895376249
"1378";0,661659679741456
"1379";-0,261067895376249
"1380";1,58438725485916
"1381";1,58438725485916
"1382";-1,18379547049395
"1383";1,58438725485916
"1384";-0,261067895376249
"1385";0,661659679741456
"1386";0,661659679741456
"1387";0,661659679741456
"1388";-0,261067895376249
"1389";-1,18379547049395
"1390";-1,18379547049395
"1391";-1,18379547049395
"1392";-0,261067895376249
"1393";-0,261067895376249
"1394";-0,261067895376249
"1395";-1,18379547049395
"1396";0,661659679741456
"1397";-0,261067895376249
"1398";-1,18379547049395
"1399";0,661659679741456
"1400";-1,18379547049395
"1401";-1,18379547049395
"1402";-1,18379547049395
"1403";-1,18379547049395
"1404";-1,18379547049395
"1405";-1,18379547049395
"1406";-0,261067895376249
"1407";0,661659679741456
"1408";-0,261067895376249
"1409";-1,18379547049395
"1410";-0,261067895376249
"1411";-0,261067895376249
"1412";-0,261067895376249
"1413";-1,18379547049395
"1414";-1,18379547049395
"1415";-1,18379547049395
"1416";-1,18379547049395
"1417";-1,18379547049395
"1418";0,661659679741456
"1419";0,661659679741456
"1420";0,661659679741456
"1421";-0,261067895376249
"1422";1,58438725485916
"1423";0,661659679741456
"1424";-1,18379547049395
"1425";-0,261067895376249
"1426";-1,18379547049395
"1427";-0,261067895376249
"1428";-1,18379547049395
"1429";0,661659679741456
"1430";-1,18379547049395
"1431";-0,261067895376249
"1432";-1,18379547049395
"1433";NA
"1434";-0,261067895376249
"1435";0,661659679741456
"1436";1,58438725485916
"1437";0,661659679741456
"1438";0,661659679741456
"1439";-0,261067895376249
"1440";0,661659679741456
"1441";1,58438725485916
"1442";1,58438725485916
"1443";-0,261067895376249
"1444";-0,261067895376249
"1445";1,58438725485916
"1446";0,661659679741456
"1447";-1,18379547049395
"1448";0,661659679741456
"1449";1,58438725485916
"1450";-1,18379547049395
"1451";0,661659679741456
"1452";0,661659679741456
"1453";1,58438725485916
"1454";1,58438725485916
"1455";-1,18379547049395
"1456";-1,18379547049395
"1457";-0,261067895376249
"1458";0,661659679741456
"1459";-1,18379547049395
"1460";-0,261067895376249
"1461";-1,18379547049395
"1462";-1,18379547049395
"1463";-0,261067895376249
"1464";-1,18379547049395
"1465";0,661659679741456
"1466";-0,261067895376249
"1467";1,58438725485916
"1468";0,661659679741456
"1469";0,661659679741456
"1470";0,661659679741456
"1471";0,661659679741456
"1472";-1,18379547049395
"1473";-0,261067895376249
"1474";-1,18379547049395
"1475";-1,18379547049395
"1476";0,661659679741456
"1477";-1,18379547049395
"1478";1,58438725485916
"1479";0,661659679741456
"1480";-1,18379547049395
"1481";-1,18379547049395
"1482";NA
"1483";-1,18379547049395
"1484";-0,261067895376249
"1485";0,661659679741456
"1486";-0,261067895376249
"1487";-0,261067895376249
"1488";-0,261067895376249
"1489";-1,18379547049395
"1490";0,661659679741456
"1491";-0,261067895376249
"1492";-1,18379547049395
"1493";1,58438725485916
"1494";-1,18379547049395
"1495";-1,18379547049395
"1496";1,58438725485916
"1497";1,58438725485916
"1498";-0,261067895376249
"1499";0,661659679741456
"1500";-0,261067895376249
"1501";-1,18379547049395
"1502";-1,18379547049395
"1503";0,661659679741456
"1504";-0,261067895376249
"1505";-1,18379547049395
"1506";-1,18379547049395
"1507";-1,18379547049395
"1508";0,661659679741456
"1509";-0,261067895376249
"1510";-0,261067895376249
"1511";-0,261067895376249
"1512";-1,18379547049395
"1513";-0,261067895376249
"1514";-0,261067895376249
"1515";-1,18379547049395
"1516";-0,261067895376249
"1517";-0,261067895376249
"1518";-0,261067895376249
"1519";-0,261067895376249
"1520";-1,18379547049395
"1521";-0,261067895376249
"1522";-1,18379547049395
"1523";-1,18379547049395
"1524";-1,18379547049395
"1525";-0,261067895376249
"1526";-1,18379547049395
"1527";-1,18379547049395
"1528";-0,261067895376249
"1529";-1,18379547049395
"1530";-0,261067895376249
"1531";-0,261067895376249
"1532";-0,261067895376249
"1533";-0,261067895376249
"1534";-0,261067895376249
"1535";-0,261067895376249
"1536";-0,261067895376249
"1537";-0,261067895376249
"1538";-0,261067895376249
"1539";-0,261067895376249
"1540";-0,261067895376249
"1541";-0,261067895376249
"1542";-0,261067895376249
"1543";-1,18379547049395
"1544";-0,261067895376249
"1545";-1,18379547049395
"1546";-0,261067895376249
"1547";-0,261067895376249
"1548";-0,261067895376249
"1549";-0,261067895376249
"1550";-0,261067895376249
"1551";-0,261067895376249
"1552";-0,261067895376249
"1553";-1,18379547049395
"1554";-0,261067895376249
"1555";1,58438725485916
"1556";1,58438725485916
"1557";-1,18379547049395
"1558";-0,261067895376249
"1559";-1,18379547049395
"1560";-0,261067895376249
"1561";-1,18379547049395
"1562";-1,18379547049395
"1563";-1,18379547049395
"1564";-0,261067895376249
"1565";1,58438725485916
"1566";1,58438725485916
"1567";-1,18379547049395
"1568";-1,18379547049395
"1569";-0,261067895376249
"1570";-1,18379547049395
"1571";0,661659679741456
"1572";1,58438725485916
"1573";0,661659679741456
"1574";-0,261067895376249
"1575";-1,18379547049395
"1576";0,661659679741456
"1577";-1,18379547049395
"1578";-1,18379547049395
"1579";-1,18379547049395
"1580";1,58438725485916
"1581";-0,261067895376249
"1582";0,661659679741456
"1583";-1,18379547049395
"1584";0,661659679741456
"1585";-1,18379547049395
"1586";-1,18379547049395
"1587";1,58438725485916
"1588";-0,261067895376249
"1589";1,58438725485916
"1590";0,661659679741456
"1591";1,58438725485916
"1592";0,661659679741456
"1593";-1,18379547049395
"1594";1,58438725485916
"1595";-0,261067895376249
"1596";0,661659679741456
"1597";0,661659679741456
"1598";1,58438725485916
"1599";-0,261067895376249
"1600";1,58438725485916
"1601";0,661659679741456
"1602";-1,18379547049395
"1603";0,661659679741456
"1604";0,661659679741456
"1605";-1,18379547049395
"1606";1,58438725485916
"1607";-0,261067895376249
"1608";-1,18379547049395
"1609";-0,261067895376249
"1610";1,58438725485916
"1611";1,58438725485916
"1612";-0,261067895376249
"1613";0,661659679741456
"1614";-1,18379547049395
"1615";-1,18379547049395
"1616";-1,18379547049395
"1617";-1,18379547049395
"1618";0,661659679741456
"1619";-0,261067895376249
"1620";0,661659679741456
"1621";1,58438725485916
"1622";0,661659679741456
"1623";-0,261067895376249
"1624";-0,261067895376249
"1625";-1,18379547049395
"1626";-1,18379547049395
"1627";1,58438725485916
"1628";-1,18379547049395
"1629";-0,261067895376249
"1630";-1,18379547049395
"1631";0,661659679741456
"1632";0,661659679741456
"1633";0,661659679741456
"1634";1,58438725485916
"1635";0,661659679741456
"1636";-1,18379547049395
"1637";-0,261067895376249
"1638";1,58438725485916
"1639";-0,261067895376249
"1640";-1,18379547049395
"1641";0,661659679741456
"1642";0,661659679741456
"1643";1,58438725485916
"1644";-1,18379547049395
"1645";-1,18379547049395
"1646";-1,18379547049395
"1647";-1,18379547049395
"1648";-0,261067895376249
"1649";-0,261067895376249
"1650";-0,261067895376249
"1651";0,661659679741456
"1652";-0,261067895376249
"1653";-0,261067895376249
"1654";1,58438725485916
"1655";0,661659679741456
"1656";-1,18379547049395
"1657";-0,261067895376249
"1658";-0,261067895376249
"1659";-0,261067895376249
"1660";-1,18379547049395
"1661";0,661659679741456
"1662";-0,261067895376249
"1663";-0,261067895376249
"1664";-1,18379547049395
"1665";-0,261067895376249
"1666";-1,18379547049395
"1667";-1,18379547049395
"1668";-1,18379547049395
"1669";1,58438725485916
"1670";1,58438725485916
"1671";1,58438725485916
"1672";1,58438725485916
"1673";0,661659679741456
"1674";-1,18379547049395
"1675";1,58438725485916
"1676";1,58438725485916
"1677";1,58438725485916
"1678";-0,261067895376249
"1679";-0,261067895376249
"1680";-1,18379547049395
"1681";1,58438725485916
"1682";1,58438725485916
"1683";0,661659679741456
"1684";-0,261067895376249
"1685";-1,18379547049395
"1686";0,661659679741456
"1687";0,661659679741456
"1688";-1,18379547049395
"1689";-0,261067895376249
"1690";-1,18379547049395
"1691";-1,18379547049395
"1692";-1,18379547049395
"1693";0,661659679741456
"1694";-0,261067895376249
"1695";0,661659679741456
"1696";0,661659679741456
"1697";-0,261067895376249
"1698";-0,261067895376249
"1699";-0,261067895376249
"1700";0,661659679741456
"1701";-1,18379547049395
"1702";0,661659679741456
"1703";-1,18379547049395
"1704";0,661659679741456
"1705";-0,261067895376249
"1706";-1,18379547049395
"1707";-1,18379547049395
"1708";-1,18379547049395
"1709";-1,18379547049395
"1710";-1,18379547049395
"1711";1,58438725485916
"1712";0,661659679741456
"1713";-1,18379547049395
"1714";-1,18379547049395
"1715";1,58438725485916
"1716";-1,18379547049395
"1717";-1,18379547049395
"1718";0,661659679741456
"1719";-1,18379547049395
"1720";0,661659679741456
"1721";-0,261067895376249
"1722";-1,18379547049395
"1723";1,58438725485916
"1724";-1,18379547049395
"1725";-0,261067895376249
"1726";1,58438725485916
"1727";1,58438725485916
"1728";-0,261067895376249
"1729";-0,261067895376249
"1730";1,58438725485916
"1731";-0,261067895376249
"1732";-1,18379547049395
"1733";1,58438725485916
"1734";1,58438725485916
"1735";-0,261067895376249
"1736";-0,261067895376249
"1737";0,661659679741456
"1738";1,58438725485916
"1739";-0,261067895376249
"1740";-1,18379547049395
"1741";-0,261067895376249
"1742";0,661659679741456
"1743";0,661659679741456
"1744";0,661659679741456
"1745";-1,18379547049395
"1746";-1,18379547049395
"1747";1,58438725485916
"1748";-0,261067895376249
"1749";-0,261067895376249
"1750";0,661659679741456
"1751";-1,18379547049395
"1752";-1,18379547049395
"1753";-0,261067895376249
"1754";-1,18379547049395
"1755";0,661659679741456
"1756";0,661659679741456
"1757";-0,261067895376249
"1758";-1,18379547049395
"1759";0,661659679741456
"1760";-0,261067895376249
"1761";0,661659679741456
"1762";1,58438725485916
"1763";-0,261067895376249
"1764";0,661659679741456
"1765";0,661659679741456
"1766";1,58438725485916
"1767";-0,261067895376249
"1768";-0,261067895376249
"1769";-0,261067895376249
"1770";-0,261067895376249
"1771";0,661659679741456
"1772";-0,261067895376249
"1773";0,661659679741456
"1774";1,58438725485916
"1775";-1,18379547049395
"1776";-1,18379547049395
"1777";-1,18379547049395
"1778";-1,18379547049395
"1779";-0,261067895376249
"1780";1,58438725485916
"1781";-0,261067895376249
"1782";0,661659679741456
"1783";0,661659679741456
"1784";0,661659679741456
"1785";0,661659679741456
"1786";-1,18379547049395
"1787";-0,261067895376249
"1788";1,58438725485916
"1789";-1,18379547049395
"1790";0,661659679741456
"1791";-0,261067895376249
"1792";-0,261067895376249
"1793";-1,18379547049395
"1794";-1,18379547049395
"1795";-0,261067895376249
"1796";-0,261067895376249
"1797";-1,18379547049395
"1798";-1,18379547049395
"1799";-0,261067895376249
"1800";-0,261067895376249
"1801";-1,18379547049395
"1802";-0,261067895376249
"1803";-1,18379547049395
"1804";-0,261067895376249
"1805";-1,18379547049395
"1806";-0,261067895376249
"1807";0,661659679741456
"1808";-0,261067895376249
"1809";-1,18379547049395
"1810";1,58438725485916
"1811";-0,261067895376249
"1812";-0,261067895376249
"1813";1,58438725485916
"1814";-0,261067895376249
"1815";-0,261067895376249
"1816";-0,261067895376249
"1817";-1,18379547049395
"1818";-1,18379547049395
"1819";1,58438725485916
"1820";0,661659679741456
"1821";-1,18379547049395
"1822";-1,18379547049395
"1823";-1,18379547049395
"1824";1,58438725485916
"1825";-1,18379547049395
"1826";-0,261067895376249
"1827";-0,261067895376249
"1828";-1,18379547049395
"1829";-0,261067895376249
"1830";1,58438725485916
"1831";1,58438725485916
"1832";-0,261067895376249
"1833";1,58438725485916
"1834";-1,18379547049395
"1835";0,661659679741456
"1836";0,661659679741456
"1837";-0,261067895376249
"1838";-0,261067895376249
"1839";0,661659679741456
"1840";0,661659679741456
"1841";-0,261067895376249
"1842";-1,18379547049395
"1843";-1,18379547049395
"1844";-1,18379547049395
"1845";-0,261067895376249
"1846";-1,18379547049395
"1847";0,661659679741456
"1848";-1,18379547049395
"1849";0,661659679741456
"1850";-1,18379547049395
"1851";-0,261067895376249
"1852";0,661659679741456
"1853";0,661659679741456
"1854";-1,18379547049395
"1855";-0,261067895376249
"1856";-1,18379547049395
"1857";0,661659679741456
"1858";1,58438725485916
"1859";-1,18379547049395
"1860";0,661659679741456
"1861";0,661659679741456
"1862";-1,18379547049395
"1863";0,661659679741456
"1864";-1,18379547049395
"1865";-0,261067895376249
"1866";0,661659679741456
"1867";-1,18379547049395
"1868";0,661659679741456
"1869";-0,261067895376249
"1870";-1,18379547049395
"1871";-0,261067895376249
"1872";-0,261067895376249
"1873";1,58438725485916
"1874";-1,18379547049395
"1875";-0,261067895376249
"1876";0,661659679741456
"1877";-1,18379547049395
"1878";0,661659679741456
"1879";-0,261067895376249
"1880";-1,18379547049395
"1881";-1,18379547049395
"1882";0,661659679741456
"1883";-1,18379547049395
"1884";-1,18379547049395
"1885";1,58438725485916
"1886";-0,261067895376249
"1887";-1,18379547049395
"1888";-0,261067895376249
"1889";0,661659679741456
"1890";-1,18379547049395
"1891";1,58438725485916
"1892";0,661659679741456
"1893";1,58438725485916
"1894";-0,261067895376249
"1895";0,661659679741456
"1896";0,661659679741456
"1897";0,661659679741456
"1898";-1,18379547049395
"1899";0,661659679741456
"1900";1,58438725485916
"1901";-0,261067895376249
"1902";-0,261067895376249
"1903";1,58438725485916
"1904";-0,261067895376249
"1905";-1,18379547049395
"1906";-1,18379547049395
"1907";0,661659679741456
"1908";-0,261067895376249
"1909";1,58438725485916
"1910";1,58438725485916
"1911";1,58438725485916
"1912";-1,18379547049395
"1913";-0,261067895376249
"1914";-1,18379547049395
"1915";-0,261067895376249
"1916";-0,261067895376249
"1917";1,58438725485916
"1918";-0,261067895376249
"1919";-1,18379547049395
"1920";-1,18379547049395
"1921";NA
"1922";0,661659679741456
"1923";0,661659679741456
"1924";0,661659679741456
"1925";-1,18379547049395
"1926";0,661659679741456
"1927";-1,18379547049395
"1928";-1,18379547049395
"1929";0,661659679741456
"1930";-0,261067895376249
"1931";1,58438725485916
"1932";-0,261067895376249
"1933";1,58438725485916
"1934";1,58438725485916
"1935";-1,18379547049395
"1936";1,58438725485916
"1937";-0,261067895376249
"1938";-0,261067895376249
"1939";-1,18379547049395
"1940";-0,261067895376249
"1941";0,661659679741456
"1942";1,58438725485916
"1943";1,58438725485916
"1944";1,58438725485916
"1945";-1,18379547049395
"1946";-1,18379547049395
"1947";0,661659679741456
"1948";-0,261067895376249
"1949";-1,18379547049395
"1950";0,661659679741456
"1951";-0,261067895376249
"1952";1,58438725485916
"1953";0,661659679741456
"1954";-1,18379547049395
"1955";0,661659679741456
"1956";0,661659679741456
"1957";1,58438725485916
"1958";1,58438725485916
"1959";-1,18379547049395
"1960";-0,261067895376249
"1961";-1,18379547049395
"1962";-1,18379547049395
"1963";-1,18379547049395
"1964";0,661659679741456
"1965";1,58438725485916
"1966";0,661659679741456
"1967";-1,18379547049395
"1968";-0,261067895376249
"1969";0,661659679741456
"1970";-1,18379547049395
"1971";-0,261067895376249
"1972";-0,261067895376249
"1973";-1,18379547049395
"1974";-0,261067895376249
"1975";-0,261067895376249
"1976";-0,261067895376249
"1977";-0,261067895376249
"1978";-1,18379547049395
"1979";-0,261067895376249
"1980";-1,18379547049395
"1981";-1,18379547049395
"1982";-1,18379547049395
"1983";-0,261067895376249
"1984";-0,261067895376249
"1985";-0,261067895376249
"1986";-0,261067895376249
"1987";-0,261067895376249
"1988";-1,18379547049395
"1989";-0,261067895376249
"1990";-0,261067895376249
"1991";-0,261067895376249
"1992";-0,261067895376249
"1993";-1,18379547049395
"1994";-0,261067895376249
"1995";-1,18379547049395
"1996";-0,261067895376249
"1997";0,661659679741456
"1998";-1,18379547049395
"1999";0,661659679741456
"2000";1,58438725485916
"2001";-0,261067895376249
"2002";-0,261067895376249
"2003";1,58438725485916
"2004";0,661659679741456
"2005";-0,261067895376249
"2006";0,661659679741456
"2007";-0,261067895376249
"2008";-0,261067895376249
"2009";-0,261067895376249
"2010";-1,18379547049395
"2011";0,661659679741456
"2012";1,58438725485916
"2013";-1,18379547049395
"2014";-1,18379547049395
"2015";-0,261067895376249
"2016";-1,18379547049395
"2017";-1,18379547049395
"2018";-1,18379547049395
"2019";-1,18379547049395
"2020";-1,18379547049395
"2021";-1,18379547049395
"2022";-1,18379547049395
"2023";-1,18379547049395
"2024";-1,18379547049395
"2025";-1,18379547049395
"2026";-1,18379547049395
"2027";-1,18379547049395
"2028";-1,18379547049395
"2029";-1,18379547049395
"2030";-1,18379547049395
"2031";-1,18379547049395
"2032";-1,18379547049395
"2033";-1,18379547049395
"2034";-1,18379547049395
"2035";-1,18379547049395
"2036";-1,18379547049395
"2037";-1,18379547049395
"2038";-1,18379547049395
"2039";-1,18379547049395
"2040";-1,18379547049395
"2041";-0,261067895376249
"2042";-1,18379547049395
"2043";-1,18379547049395
"2044";-0,261067895376249
"2045";-0,261067895376249
"2046";-0,261067895376249
"2047";-0,261067895376249
"2048";-0,261067895376249
"2049";-0,261067895376249
"2050";-0,261067895376249
"2051";-0,261067895376249
"2052";-0,261067895376249
"2053";-1,18379547049395
"2054";-0,261067895376249
"2055";-1,18379547049395
"2056";-0,261067895376249
"2057";-1,18379547049395
"2058";-0,261067895376249
"2059";-0,261067895376249
"2060";-1,18379547049395
"2061";0,661659679741456
"2062";0,661659679741456
"2063";-1,18379547049395
"2064";-1,18379547049395
"2065";1,58438725485916
"2066";1,58438725485916
"2067";-0,261067895376249
"2068";-0,261067895376249
"2069";-1,18379547049395
"2070";-0,261067895376249
"2071";-1,18379547049395
"2072";0,661659679741456
"2073";0,661659679741456
"2074";-1,18379547049395
"2075";-1,18379547049395
"2076";-1,18379547049395
"2077";0,661659679741456
"2078";-1,18379547049395
"2079";0,661659679741456
"2080";-0,261067895376249
"2081";0,661659679741456
"2082";0,661659679741456
"2083";-1,18379547049395
"2084";-1,18379547049395
"2085";-1,18379547049395
"2086";-0,261067895376249
"2087";-1,18379547049395
"2088";-1,18379547049395
"2089";-1,18379547049395
"2090";0,661659679741456
"2091";-1,18379547049395
"2092";-1,18379547049395
"2093";-1,18379547049395
"2094";0,661659679741456
"2095";-1,18379547049395
"2096";1,58438725485916
"2097";-0,261067895376249
"2098";0,661659679741456
"2099";0,661659679741456
"2100";1,58438725485916
"2101";-1,18379547049395
"2102";-0,261067895376249
"2103";NA
"2104";-0,261067895376249
"2105";0,661659679741456
"2106";-1,18379547049395
"2107";-0,261067895376249
"2108";-1,18379547049395
"2109";0,661659679741456
"2110";0,661659679741456
"2111";-1,18379547049395
"2112";1,58438725485916
"2113";0,661659679741456
"2114";1,58438725485916
"2115";-1,18379547049395
"2116";-0,261067895376249
"2117";-0,261067895376249
"2118";-1,18379547049395
"2119";-0,261067895376249
"2120";-0,261067895376249
"2121";-0,261067895376249
"2122";1,58438725485916
"2123";-1,18379547049395
"2124";0,661659679741456
"2125";-0,261067895376249
"2126";0,661659679741456
"2127";-1,18379547049395
"2128";-0,261067895376249
"2129";-0,261067895376249
"2130";-0,261067895376249
"2131";-1,18379547049395
"2132";-1,18379547049395
"2133";1,58438725485916
"2134";-1,18379547049395
"2135";-0,261067895376249
"2136";0,661659679741456
"2137";-1,18379547049395
"2138";-1,18379547049395
"2139";-0,261067895376249
"2140";-0,261067895376249
"2141";-0,261067895376249
"2142";-0,261067895376249
"2143";1,58438725485916
"2144";-1,18379547049395
"2145";-0,261067895376249
"2146";-0,261067895376249
"2147";0,661659679741456
"2148";-1,18379547049395
"2149";0,661659679741456
"2150";0,661659679741456
"2151";-0,261067895376249
"2152";0,661659679741456
"2153";-0,261067895376249
"2154";0,661659679741456
"2155";-0,261067895376249
"2156";0,661659679741456
"2157";0,661659679741456
"2158";-1,18379547049395
"2159";0,661659679741456
"2160";0,661659679741456
"2161";0,661659679741456
"2162";-0,261067895376249
"2163";-1,18379547049395
"2164";1,58438725485916
"2165";-0,261067895376249
"2166";0,661659679741456
"2167";-1,18379547049395
"2168";-0,261067895376249
"2169";1,58438725485916
"2170";-1,18379547049395
"2171";0,661659679741456
"2172";-0,261067895376249
"2173";0,661659679741456
"2174";-0,261067895376249
"2175";-0,261067895376249
"2176";-0,261067895376249
"2177";-0,261067895376249
"2178";1,58438725485916
"2179";1,58438725485916
"2180";-0,261067895376249
"2181";0,661659679741456
"2182";-1,18379547049395
"2183";-0,261067895376249
"2184";0,661659679741456
"2185";-0,261067895376249
"2186";-1,18379547049395
"2187";1,58438725485916
"2188";-1,18379547049395
"2189";-0,261067895376249
"2190";-0,261067895376249
"2191";-1,18379547049395
"2192";1,58438725485916
"2193";-1,18379547049395
"2194";1,58438725485916
"2195";0,661659679741456
"2196";0,661659679741456
"2197";-1,18379547049395
"2198";0,661659679741456
"2199";-0,261067895376249
"2200";-1,18379547049395
"2201";0,661659679741456
"2202";0,661659679741456
"2203";1,58438725485916
"2204";-1,18379547049395
"2205";-1,18379547049395
"2206";-0,261067895376249
"2207";1,58438725485916
"2208";0,661659679741456
"2209";0,661659679741456
"2210";1,58438725485916
"2211";1,58438725485916
"2212";-0,261067895376249
"2213";-0,261067895376249
"2214";1,58438725485916
"2215";-1,18379547049395
"2216";-0,261067895376249
"2217";0,661659679741456
"2218";-1,18379547049395
"2219";-0,261067895376249
"2220";0,661659679741456
"2221";-0,261067895376249
"2222";1,58438725485916
"2223";-1,18379547049395
"2224";-0,261067895376249
"2225";-0,261067895376249
"2226";-1,18379547049395
"2227";-0,261067895376249
"2228";-1,18379547049395
"2229";-0,261067895376249
"2230";-1,18379547049395
"2231";-0,261067895376249
"2232";-0,261067895376249
"2233";-0,261067895376249
"2234";-1,18379547049395
"2235";-1,18379547049395
"2236";-1,18379547049395
"2237";-0,261067895376249
"2238";-1,18379547049395
"2239";-1,18379547049395
"2240";-0,261067895376249
"2241";-0,261067895376249
"2242";-0,261067895376249
"2243";-0,261067895376249
"2244";-0,261067895376249
"2245";-0,261067895376249
"2246";-0,261067895376249
"2247";-0,261067895376249
"2248";-0,261067895376249
"2249";-0,261067895376249
"2250";-0,261067895376249
"2251";-1,18379547049395
"2252";-1,18379547049395
"2253";-1,18379547049395
"2254";-1,18379547049395
"2255";-0,261067895376249
"2256";-1,18379547049395
"2257";-1,18379547049395
"2258";-0,261067895376249
"2259";-0,261067895376249
"2260";-1,18379547049395
"2261";-1,18379547049395
"2262";-0,261067895376249
"2263";0,661659679741456
"2264";-0,261067895376249
"2265";-0,261067895376249
"2266";-1,18379547049395
"2267";-0,261067895376249
"2268";-0,261067895376249
"2269";-0,261067895376249
"2270";-0,261067895376249
"2271";-0,261067895376249
"2272";-1,18379547049395
"2273";-1,18379547049395
"2274";-0,261067895376249
"2275";-1,18379547049395
"2276";0,661659679741456
"2277";0,661659679741456
"2278";-0,261067895376249
"2279";-1,18379547049395
"2280";1,58438725485916
"2281";-0,261067895376249
"2282";-1,18379547049395
"2283";0,661659679741456
"2284";-0,261067895376249
"2285";0,661659679741456
"2286";0,661659679741456
"2287";0,661659679741456
"2288";0,661659679741456
"2289";-1,18379547049395
"2290";-0,261067895376249
"2291";-1,18379547049395
"2292";0,661659679741456
"2293";-0,261067895376249
"2294";0,661659679741456
"2295";0,661659679741456
"2296";-0,261067895376249
"2297";-1,18379547049395
"2298";-0,261067895376249
"2299";0,661659679741456
"2300";-0,261067895376249
"2301";0,661659679741456
"2302";-0,261067895376249
"2303";-0,261067895376249
"2304";-1,18379547049395
"2305";0,661659679741456
"2306";0,661659679741456
"2307";-0,261067895376249
"2308";-1,18379547049395
"2309";-0,261067895376249
"2310";0,661659679741456
"2311";0,661659679741456
"2312";-1,18379547049395
"2313";1,58438725485916
"2314";-1,18379547049395
"2315";-0,261067895376249
"2316";-0,261067895376249
"2317";-1,18379547049395
"2318";1,58438725485916
"2319";-1,18379547049395
"2320";0,661659679741456
"2321";-1,18379547049395
"2322";1,58438725485916
"2323";0,661659679741456
"2324";0,661659679741456
"2325";0,661659679741456
"2326";-1,18379547049395
"2327";-1,18379547049395
"2328";-0,261067895376249
"2329";-0,261067895376249
"2330";NA
"2331";NA
"2332";1,58438725485916
"2333";-1,18379547049395
"2334";-1,18379547049395
"2335";-0,261067895376249
"2336";1,58438725485916
"2337";0,661659679741456
"2338";-1,18379547049395
"2339";1,58438725485916
"2340";-0,261067895376249
"2341";0,661659679741456
"2342";1,58438725485916
"2343";1,58438725485916
"2344";0,661659679741456
"2345";-1,18379547049395
"2346";0,661659679741456
"2347";-1,18379547049395
"2348";1,58438725485916
"2349";-0,261067895376249
"2350";-0,261067895376249
"2351";-0,261067895376249
"2352";0,661659679741456
"2353";0,661659679741456
"2354";1,58438725485916
"2355";0,661659679741456
"2356";0,661659679741456
"2357";-1,18379547049395
"2358";1,58438725485916
"2359";0,661659679741456
"2360";-1,18379547049395
"2361";1,58438725485916
"2362";1,58438725485916
"2363";-0,261067895376249
"2364";0,661659679741456
"2365";-0,261067895376249
"2366";-1,18379547049395
"2367";1,58438725485916
"2368";0,661659679741456
"2369";1,58438725485916
"2370";-0,261067895376249
"2371";0,661659679741456
"2372";1,58438725485916
"2373";-1,18379547049395
"2374";-0,261067895376249
"2375";-0,261067895376249
"2376";-1,18379547049395
"2377";0,661659679741456
"2378";-1,18379547049395
"2379";1,58438725485916
"2380";0,661659679741456
"2381";1,58438725485916
"2382";1,58438725485916
"2383";0,661659679741456
"2384";1,58438725485916
"2385";0,661659679741456
"2386";0,661659679741456
"2387";1,58438725485916
"2388";-0,261067895376249
"2389";-1,18379547049395
"2390";1,58438725485916
"2391";-0,261067895376249
"2392";1,58438725485916
"2393";-1,18379547049395
"2394";1,58438725485916
"2395";-1,18379547049395
"2396";1,58438725485916
"2397";-1,18379547049395
"2398";-1,18379547049395
"2399";-0,261067895376249
"2400";-1,18379547049395
"2401";1,58438725485916
"2402";0,661659679741456
"2403";-0,261067895376249
"2404";0,661659679741456
"2405";1,58438725485916
"2406";1,58438725485916
"2407";-1,18379547049395
"2408";0,661659679741456
"2409";1,58438725485916
"2410";1,58438725485916
"2411";-0,261067895376249
"2412";0,661659679741456
"2413";-0,261067895376249
"2414";1,58438725485916
"2415";1,58438725485916
"2416";1,58438725485916
"2417";1,58438725485916
"2418";0,661659679741456
"2419";1,58438725485916
"2420";-0,261067895376249
"2421";0,661659679741456
"2422";-0,261067895376249
"2423";0,661659679741456
"2424";0,661659679741456
"2425";-1,18379547049395
"2426";1,58438725485916
"2427";1,58438725485916
"2428";0,661659679741456
"2429";-0,261067895376249
"2430";1,58438725485916
"2431";1,58438725485916
"2432";1,58438725485916
"2433";-0,261067895376249
"2434";-0,261067895376249
"2435";-1,18379547049395
"2436";-0,261067895376249
"2437";-1,18379547049395
"2438";-0,261067895376249
"2439";-0,261067895376249
"2440";-0,261067895376249
"2441";-0,261067895376249
"2442";-0,261067895376249
"2443";-0,261067895376249
"2444";-1,18379547049395
"2445";-1,18379547049395
"2446";-0,261067895376249
"2447";-0,261067895376249
"2448";-0,261067895376249
"2449";-1,18379547049395
"2450";-0,261067895376249
"2451";-0,261067895376249
"2452";-1,18379547049395
"2453";-0,261067895376249
"2454";-0,261067895376249
"2455";-1,18379547049395
"2456";-1,18379547049395
"2457";-0,261067895376249
"2458";-1,18379547049395
"2459";-0,261067895376249
"2460";-1,18379547049395
"2461";0,661659679741456
"2462";-0,261067895376249
"2463";-0,261067895376249
"2464";-0,261067895376249
"2465";-0,261067895376249
"2466";-1,18379547049395
"2467";-0,261067895376249
"2468";-0,261067895376249
"2469";-1,18379547049395
"2470";-1,18379547049395
"2471";-1,18379547049395
"2472";-1,18379547049395
"2473";-1,18379547049395
"2474";-1,18379547049395
"2475";-0,261067895376249
"2476";-0,261067895376249
"2477";-1,18379547049395
"2478";-0,261067895376249
"2479";-1,18379547049395
"2480";-0,261067895376249
"2481";-1,18379547049395
"2482";-1,18379547049395
"2483";-0,261067895376249
"2484";-1,18379547049395
"2485";0,661659679741456
"2486";-0,261067895376249
"2487";1,58438725485916
"2488";1,58438725485916
"2489";-1,18379547049395
"2490";1,58438725485916
"2491";-1,18379547049395
"2492";-1,18379547049395
"2493";1,58438725485916
"2494";-0,261067895376249
"2495";1,58438725485916
"2496";-1,18379547049395
"2497";1,58438725485916
"2498";0,661659679741456
"2499";-0,261067895376249
"2500";0,661659679741456
"2501";1,58438725485916
"2502";-0,261067895376249
"2503";-1,18379547049395
"2504";0,661659679741456
"2505";-1,18379547049395
"2506";-0,261067895376249
"2507";1,58438725485916
"2508";0,661659679741456
"2509";-0,261067895376249
"2510";0,661659679741456
"2511";-0,261067895376249
"2512";-0,261067895376249
"2513";-0,261067895376249
"2514";-1,18379547049395
"2515";1,58438725485916
"2516";0,661659679741456
"2517";0,661659679741456
"2518";-1,18379547049395
"2519";0,661659679741456
"2520";-0,261067895376249
"2521";-1,18379547049395
"2522";-0,261067895376249
"2523";-0,261067895376249
"2524";-1,18379547049395
"2525";0,661659679741456
"2526";0,661659679741456
"2527";-1,18379547049395
"2528";-1,18379547049395
"2529";-1,18379547049395
"2530";0,661659679741456
"2531";-1,18379547049395
"2532";0,661659679741456
"2533";1,58438725485916
"2534";-1,18379547049395
"2535";0,661659679741456
"2536";0,661659679741456
"2537";1,58438725485916
"2538";-1,18379547049395
"2539";-0,261067895376249
"2540";-1,18379547049395
"2541";1,58438725485916
"2542";1,58438725485916
"2543";-1,18379547049395
"2544";1,58438725485916
"2545";0,661659679741456
"2546";0,661659679741456
"2547";0,661659679741456
"2548";-1,18379547049395
"2549";0,661659679741456
"2550";-0,261067895376249
"2551";-0,261067895376249
"2552";0,661659679741456
"2553";-0,261067895376249
"2554";1,58438725485916
"2555";1,58438725485916
"2556";-1,18379547049395
"2557";-0,261067895376249
"2558";0,661659679741456
"2559";-1,18379547049395
"2560";-0,261067895376249
"2561";-0,261067895376249
"2562";1,58438725485916
"2563";-0,261067895376249
"2564";1,58438725485916
"2565";0,661659679741456
"2566";-1,18379547049395
"2567";-0,261067895376249
"2568";-1,18379547049395
"2569";-1,18379547049395
"2570";-0,261067895376249
"2571";1,58438725485916
"2572";-0,261067895376249
"2573";-0,261067895376249
"2574";1,58438725485916
"2575";1,58438725485916
"2576";-1,18379547049395
"2577";0,661659679741456
"2578";-0,261067895376249
"2579";-0,261067895376249
